-- MySQL dump 10.13  Distrib 5.7.27, for Linux (x86_64)
--
-- Host: 202.179.137.87    Database: cekrak
-- ------------------------------------------------------
-- Server version	5.5.5-10.1.37-MariaDB

/*!40101 SET @OLD_CHARACTER_SET_CLIENT=@@CHARACTER_SET_CLIENT */;
/*!40101 SET @OLD_CHARACTER_SET_RESULTS=@@CHARACTER_SET_RESULTS */;
/*!40101 SET @OLD_COLLATION_CONNECTION=@@COLLATION_CONNECTION */;
/*!40101 SET NAMES utf8 */;
/*!40103 SET @OLD_TIME_ZONE=@@TIME_ZONE */;
/*!40103 SET TIME_ZONE='+00:00' */;
/*!40014 SET @OLD_UNIQUE_CHECKS=@@UNIQUE_CHECKS, UNIQUE_CHECKS=0 */;
/*!40014 SET @OLD_FOREIGN_KEY_CHECKS=@@FOREIGN_KEY_CHECKS, FOREIGN_KEY_CHECKS=0 */;
/*!40101 SET @OLD_SQL_MODE=@@SQL_MODE, SQL_MODE='NO_AUTO_VALUE_ON_ZERO' */;
/*!40111 SET @OLD_SQL_NOTES=@@SQL_NOTES, SQL_NOTES=0 */;

--
-- Table structure for table `ms_bank`
--

DROP TABLE IF EXISTS `ms_bank`;
/*!40101 SET @saved_cs_client     = @@character_set_client */;
/*!40101 SET character_set_client = utf8 */;
CREATE TABLE `ms_bank` (
  `idbank` int(3) NOT NULL AUTO_INCREMENT,
  `namabank` varchar(20) DEFAULT NULL,
  `keterangan` varchar(100) DEFAULT NULL,
  `tgl_dibuat` datetime DEFAULT NULL,
  `dibuat` varchar(20) DEFAULT NULL,
  `tgl_diubah` datetime DEFAULT NULL,
  `diubah` varchar(20) DEFAULT NULL,
  PRIMARY KEY (`idbank`)
) ENGINE=InnoDB AUTO_INCREMENT=3 DEFAULT CHARSET=latin1;
/*!40101 SET character_set_client = @saved_cs_client */;

--
-- Dumping data for table `ms_bank`
--

LOCK TABLES `ms_bank` WRITE;
/*!40000 ALTER TABLE `ms_bank` DISABLE KEYS */;
INSERT INTO `ms_bank` VALUES (1,'BRI','Bank Rakyat Indonesia',NULL,NULL,NULL,NULL),(2,'Bank Mandiri','Bank Mandiri',NULL,NULL,NULL,NULL);
/*!40000 ALTER TABLE `ms_bank` ENABLE KEYS */;
UNLOCK TABLES;

--
-- Table structure for table `ms_contact`
--

DROP TABLE IF EXISTS `ms_contact`;
/*!40101 SET @saved_cs_client     = @@character_set_client */;
/*!40101 SET character_set_client = utf8 */;
CREATE TABLE `ms_contact` (
  `idcontact` int(2) NOT NULL,
  `deskripsi` text,
  `telp` varchar(50) DEFAULT NULL,
  `telp2` int(255) DEFAULT NULL,
  `email` varchar(50) DEFAULT NULL,
  `email2` varchar(50) DEFAULT NULL,
  `wa` varchar(50) DEFAULT NULL,
  `wa2` varchar(50) DEFAULT NULL,
  `instagram` varchar(50) DEFAULT NULL,
  `line` varchar(50) DEFAULT NULL,
  `tgl_dibuat` datetime DEFAULT NULL,
  `dibuat` varchar(20) DEFAULT NULL,
  `tgl_diubah` datetime DEFAULT NULL,
  `diubah` varchar(20) DEFAULT NULL,
  PRIMARY KEY (`idcontact`)
) ENGINE=InnoDB DEFAULT CHARSET=latin1;
/*!40101 SET character_set_client = @saved_cs_client */;

--
-- Dumping data for table `ms_contact`
--

LOCK TABLES `ms_contact` WRITE;
/*!40000 ALTER TABLE `ms_contact` DISABLE KEYS */;
INSERT INTO `ms_contact` VALUES (0,'Jl. Wisma Lidah Kulon 03 Blok XA No.7, Kelurahan Bangkingan, Kecamatan Lakarsantri, Kota Surabaya, Jawa Timur 61177','082165451215',2,'galericekrakcekrik@gmail.com','gotripproduction2@gmail.com','2','2','cekrakcekrik2','@jasndkn2',NULL,NULL,NULL,NULL);
/*!40000 ALTER TABLE `ms_contact` ENABLE KEYS */;
UNLOCK TABLES;

--
-- Table structure for table `ms_customer`
--

DROP TABLE IF EXISTS `ms_customer`;
/*!40101 SET @saved_cs_client     = @@character_set_client */;
/*!40101 SET character_set_client = utf8 */;
CREATE TABLE `ms_customer` (
  `idcustomer` int(3) NOT NULL AUTO_INCREMENT,
  `email` varchar(50) DEFAULT NULL,
  `nama` varchar(50) DEFAULT NULL,
  `alamat` text,
  `telp` varchar(15) DEFAULT NULL,
  `tgllahir` date DEFAULT NULL,
  `jk` enum('Pria','Wanita') DEFAULT NULL,
  `terakhir_login` datetime DEFAULT NULL,
  `dibuat` varchar(20) DEFAULT NULL,
  `tgl_dibuat` datetime DEFAULT NULL,
  `diubah` varchar(20) DEFAULT NULL,
  `tgl_diubah` datetime DEFAULT NULL,
  PRIMARY KEY (`idcustomer`)
) ENGINE=InnoDB AUTO_INCREMENT=10 DEFAULT CHARSET=latin1;
/*!40101 SET character_set_client = @saved_cs_client */;

--
-- Dumping data for table `ms_customer`
--

LOCK TABLES `ms_customer` WRITE;
/*!40000 ALTER TABLE `ms_customer` DISABLE KEYS */;
INSERT INTO `ms_customer` VALUES (4,'adhimonako@gmail.com','Adhi','Surabaya','089605984683','1992-01-01','Wanita','0000-00-00 00:00:00','frontend','2019-07-02 13:15:06','ayub','2019-07-17 11:30:42'),(5,'ayubjdc@gmail.com','Ayub','Sidoarjo','089605984680','1992-05-31','Pria','0000-00-00 00:00:00','frontend','2019-07-03 19:47:25','ayub','2019-07-17 11:31:25'),(8,'ayubmansion@gmail.com','Christ','Surabaya','081330598477',NULL,'Pria',NULL,'frontend','2019-07-17 18:01:36',NULL,NULL),(9,'test@localhost.com','test','tester','77772882828',NULL,'Pria',NULL,'frontend','2019-07-25 12:13:36',NULL,NULL);
/*!40000 ALTER TABLE `ms_customer` ENABLE KEYS */;
UNLOCK TABLES;

--
-- Table structure for table `ms_faq`
--

DROP TABLE IF EXISTS `ms_faq`;
/*!40101 SET @saved_cs_client     = @@character_set_client */;
/*!40101 SET character_set_client = utf8 */;
CREATE TABLE `ms_faq` (
  `idfaq` int(3) NOT NULL AUTO_INCREMENT,
  `tanya` text,
  `jawab` text,
  `keterangan` varchar(100) DEFAULT NULL,
  `tgl_dibuat` datetime DEFAULT NULL,
  `dibuat` varchar(20) DEFAULT NULL,
  `tgl_diubah` datetime DEFAULT NULL,
  `diubah` varchar(20) DEFAULT NULL,
  PRIMARY KEY (`idfaq`)
) ENGINE=InnoDB AUTO_INCREMENT=2 DEFAULT CHARSET=latin1;
/*!40101 SET character_set_client = @saved_cs_client */;

--
-- Dumping data for table `ms_faq`
--

LOCK TABLES `ms_faq` WRITE;
/*!40000 ALTER TABLE `ms_faq` DISABLE KEYS */;
INSERT INTO `ms_faq` VALUES (1,'Bagaimana cara untuk melakukan reservasi?','Silahkan mendaftar dan login dengan akun anda, kemudian pilih paket, tentukan tanggal keberangkatan dan lakukan pembayaran awal. Selanjutnya CS kami akan menghubungi anda.','Reservasi',NULL,NULL,NULL,NULL);
/*!40000 ALTER TABLE `ms_faq` ENABLE KEYS */;
UNLOCK TABLES;

--
-- Table structure for table `ms_jabatan`
--

DROP TABLE IF EXISTS `ms_jabatan`;
/*!40101 SET @saved_cs_client     = @@character_set_client */;
/*!40101 SET character_set_client = utf8 */;
CREATE TABLE `ms_jabatan` (
  `idjabatan` int(2) NOT NULL AUTO_INCREMENT,
  `namajabatan` varchar(25) DEFAULT NULL,
  `keterangan` varchar(100) DEFAULT NULL,
  `tgl_dibuat` datetime DEFAULT NULL,
  `dibuat` varchar(20) DEFAULT NULL,
  `tgl_diubah` datetime DEFAULT NULL,
  `diubah` varchar(20) DEFAULT NULL,
  PRIMARY KEY (`idjabatan`)
) ENGINE=InnoDB AUTO_INCREMENT=3 DEFAULT CHARSET=latin1;
/*!40101 SET character_set_client = @saved_cs_client */;

--
-- Dumping data for table `ms_jabatan`
--

LOCK TABLES `ms_jabatan` WRITE;
/*!40000 ALTER TABLE `ms_jabatan` DISABLE KEYS */;
INSERT INTO `ms_jabatan` VALUES (1,'Fotografer Outdoor','Fotografer Preweeding',NULL,NULL,NULL,NULL),(2,'Videografer','Videografer Preweeding',NULL,NULL,NULL,NULL);
/*!40000 ALTER TABLE `ms_jabatan` ENABLE KEYS */;
UNLOCK TABLES;

--
-- Table structure for table `ms_jenispaket`
--

DROP TABLE IF EXISTS `ms_jenispaket`;
/*!40101 SET @saved_cs_client     = @@character_set_client */;
/*!40101 SET character_set_client = utf8 */;
CREATE TABLE `ms_jenispaket` (
  `idjenispaket` int(3) NOT NULL AUTO_INCREMENT,
  `namajenispaket` varchar(20) DEFAULT NULL,
  `keterangan` varchar(100) DEFAULT NULL,
  `tgl_dibuat` datetime DEFAULT NULL,
  `dibuat` varchar(20) DEFAULT NULL,
  `tgl_diubah` datetime DEFAULT NULL,
  `diubah` varchar(20) DEFAULT NULL,
  PRIMARY KEY (`idjenispaket`)
) ENGINE=InnoDB AUTO_INCREMENT=4 DEFAULT CHARSET=latin1;
/*!40101 SET character_set_client = @saved_cs_client */;

--
-- Dumping data for table `ms_jenispaket`
--

LOCK TABLES `ms_jenispaket` WRITE;
/*!40000 ALTER TABLE `ms_jenispaket` DISABLE KEYS */;
INSERT INTO `ms_jenispaket` VALUES (1,'Tour','Untuk Tour',NULL,NULL,NULL,NULL),(2,'Preweeding','Untuk Preweeding',NULL,NULL,NULL,NULL),(3,'Weeding ','Untuk Pernikahan',NULL,NULL,NULL,NULL);
/*!40000 ALTER TABLE `ms_jenispaket` ENABLE KEYS */;
UNLOCK TABLES;

--
-- Table structure for table `ms_paket`
--

DROP TABLE IF EXISTS `ms_paket`;
/*!40101 SET @saved_cs_client     = @@character_set_client */;
/*!40101 SET character_set_client = utf8 */;
CREATE TABLE `ms_paket` (
  `idpaket` int(3) NOT NULL AUTO_INCREMENT,
  `idjenispaket` int(3) DEFAULT NULL,
  `namapaket` varchar(20) DEFAULT NULL,
  `detailpaket` text,
  `hargaperpax` int(10) DEFAULT NULL,
  `minimalpeserta` int(3) DEFAULT NULL,
  `diubah` varchar(20) DEFAULT NULL,
  `tgl_diubah` datetime DEFAULT NULL,
  `dibuat` varchar(20) DEFAULT NULL,
  `tgl_dibuat` datetime DEFAULT NULL,
  `filefoto` text,
  PRIMARY KEY (`idpaket`)
) ENGINE=InnoDB AUTO_INCREMENT=23 DEFAULT CHARSET=latin1;
/*!40101 SET character_set_client = @saved_cs_client */;

--
-- Dumping data for table `ms_paket`
--

LOCK TABLES `ms_paket` WRITE;
/*!40000 ALTER TABLE `ms_paket` DISABLE KEYS */;
INSERT INTO `ms_paket` VALUES (7,1,'Bali 4D3N','<p>Paket Tour Bali Include : Hotel, Transportasi, Makan, Dokumentasi. Destinasi : Pura Tanah Lot, Pantai Pandawa, Tanjung Benoa, Pura Uluwatu, Pantai Kuta. Minimal peserta 10 orang. Harga per pax Rp. 3.000.000</p>\r\n\r\n<p>&nbsp;</p>\r\n\r\n<p>Bagi para diver dan penggemar aktivitas snorkeling, Raja Ampat adalah surga. Keindahan alam bawah lautnya luar biasa bahkan seluruh dunia mengakui hal itu. Tidak salah jika banyak orang ingin menjadi saksi langsung keindahan tersebut meski akses transportasi untuk bisa menikmati destinasi wisata di Raja Ampat masih sangat terbatas, dan harganya cukup menguras kantong.</p>\r\n\r\n<p>Namun, jika kamu termasuk salah satu&nbsp;<em>traveller</em>&nbsp;yang membulatkan tekad, mengencangkan ikat pinggang dan siap menghabiskan tabungan untuk bisa menikmati pesona Raja Ampat, maka kamu harus tahu bahwa bukan alam bawah airnya saja yang istimewa. Tidak sedikit wisata menarik di permukaan yang wajib kamu kunjungi.</p>\r\n\r\n<p>Tertarik melihat dan menjelajahi destinasi wisata di Raja Ampat yang memesona itu, simak tempat-tempat yang harus kamu kunjungi di salah satu kota di Papua Barat ini, ya!</p>\r\n\r\n<h3><strong>1. Menjelajahi keindahan&nbsp;</strong><strong>&ndash;&nbsp;</strong><strong>Misool</strong></h3>\r\n\r\n<h3>Image credit:&nbsp;<a href=\"https://www.instagram.com/p/BS4PLnSFH7q/\" target=\"_blank\">@dicky_k45</a></h3>\r\n\r\n<p>Ke Misool, berarti kamu sudah menyentuh Raja Ampat. Ya, dari sini perjalanan dan petualangan Indonesia Timur kamu bisa dimulai.</p>\r\n\r\n<p>Image credit:&nbsp;<a href=\"https://www.instagram.com/p/BSx2HhXljq3/\" target=\"_blank\">@reizhardfernando.o</a></p>\r\n\r\n<p>Selami setiap relung perairan di salah satu dari empat pulau besar di Raja Ampat ini dan kamu akan mendapati pemandangan, yang tidak hanya luar biasa, tapi juga istimewa.</p>\r\n\r\n<p>Image credit:&nbsp;<a href=\"https://www.instagram.com/p/BRpl78PB0el/\" target=\"_blank\">@marischkaprue</a></p>\r\n\r\n<p>Sulit menggambarkan salah satu destinasi wisata di Raja Ampat yang paling hits ini secara pasti, jadi sebaiknya kamu menuju langsung ke lokasi!</p>\r\n\r\n<h3><strong>2. Laguna indah di tempat yang luar biasa &ndash; Star Lagoon</strong></h3>\r\n\r\n<p>Image credit:&nbsp;<a href=\"https://www.instagram.com/p/BS4ObeJFe9U/\" target=\"_blank\">@evandertambuwun</a></p>\r\n\r\n<p>Ya, ada laguna berbentuk bintang di Raja Ampat, tepatnya di pulau Pianemo. Pemandangan dari bukit karangnya saja sudah menggambarkan betapa indahnya tempat ini.</p>\r\n\r\n<p>Image credit:&nbsp;<a href=\"https://www.instagram.com/p/BOOhJk5gFJ_/\" target=\"_blank\">@astrid.caesaria</a></p>\r\n\r\n<p>Namun untuk lebih memperjelas seperti apa panorama bawah laut di Star Lagoon, mengapa tidak langsung menyelaminya. Dijamin tidak akan kecewa!</p>\r\n\r\n<h3><strong>3. Monumen alami yang ikonik&nbsp;</strong><strong>&ndash;&nbsp;</strong><strong>Batu Pensil</strong></h3>\r\n\r\n<p>Image credit:&nbsp;<a href=\"https://www.instagram.com/p/BgiKSRWlMYI/\" target=\"_blank\">@ivanalee87</a></p>\r\n\r\n<p>Karang yang menjulang, dan sendirian di tengah Teluk Kabui ini menjadi ikon tersendiri.</p>\r\n\r\n<p>Image credit:&nbsp;<a href=\"https://www.instagram.com/p/BWOk_rrAbOp/?taken-at=295165960821832\" target=\"_blank\">@fifi_yurike</a></p>\r\n\r\n<p>Saking terkenalnya, Batu Pensil selalu menjadi jujukan untuk berfoto. Kamu tidak boleh melewatkan spot ini bila liburan ke Raja Ampat, ya!</p>\r\n\r\n<p>Image credit:&nbsp;<a href=\"https://www.instagram.com/p/Bfp3WUDgtBA/?tagged=batupensil\" target=\"_blank\">@astrid.caesaria</a></p>\r\n\r\n<h3><strong>4. Ikon Raja Ampat&nbsp;&nbsp;</strong><strong>&ndash;&nbsp;</strong><strong>Wayag</strong></h3>\r\n\r\n<p>Image credit:&nbsp;<a href=\"https://www.instagram.com/p/BT8iqJhFibd/?taken-at=767996010\" target=\"_blank\">@tiarauliana</a></p>\r\n\r\n<p>Wayag juga termasuk salah satu ikonnya Raja Ampat. Jejeran batu karang berbalut warna hijau di tengah lautan biru yang menyajikan panorama luar biasa indah membuat Raja Ampat begitu mendunia.</p>\r\n\r\n<p>Image credit:&nbsp;<a href=\"https://www.instagram.com/p/BS4Hq03lnMZ/\" target=\"_blank\">@tarra_lautner</a></p>\r\n\r\n<p>Tidak sulit untuk bisa mendapatkan momen yang mengesankan di Wayag. Berpose dengan latar belakang pemandangan yang aduhai pun sudah menjadi keharusan tersendiri.</p>\r\n\r\n<h3><strong>5. Desa wisata dan spot diving yang asyik&nbsp;</strong><strong>&ndash;&nbsp;</strong><strong>Desa Arborek</strong></h3>\r\n\r\n<p>Image credit:&nbsp;<a href=\"https://www.instagram.com/p/BfZwB1bAhhu/\" target=\"_blank\">@dudisugandi</a></p>\r\n\r\n<p>Jika kamu ingin bertemu dengan warga lokal, sekaligus menikmati panorama yang indah, Pulau Arborek adalah yang harus kamu kunjungi. Hampir semua warganya memiliki keramahan dan senyuman yang lebar, siap menyambut dengan tangan terbuka siapa pun yang datang ke kampung mereka.</p>\r\n\r\n<p>Image credit:&nbsp;<a href=\"https://www.instagram.com/p/BgOUdwJgHDA/?taken-at=1434159833547007\" target=\"_blank\">@neyu_ma</a></p>\r\n\r\n<p>Satu peringatan untuk kamu yang ingin berkunjung ke kampung Arborek, jangan sampai tercuri hati karena ketulusan yang ditunjukkan warganya.&nbsp;<em>So sweet</em>&nbsp;banget!</p>\r\n\r\n<h3><strong>6. Pulau yang hanya berpasir putih&nbsp;</strong><strong>&ndash;&nbsp;</strong><strong>Pasir Timbul</strong></h3>\r\n\r\n<p>Image credit:&nbsp;<a href=\"https://www.instagram.com/p/BRpoMZLhu-q/?taken-at=612356588\" target=\"_blank\">@lutfi_ady</a></p>\r\n\r\n<p>Alam Raja Ampat yang sudah luar biasa masih ditambahi dengan keajaiban yang istimewa, pasir timbul. Lokasi ini akhirnya menjelma menjadi sebuah pulau pasir, yang lokasinya berada dekat dengan Pulau Mansuar.</p>\r\n\r\n<p>Image credit:&nbsp;<a href=\"https://www.instagram.com/p/BekyShsnatv/?taken-by=hello_kitty.09\" target=\"_blank\">@hello_kitty.09</a></p>\r\n\r\n<p>Seperti layaknya pulau pasir lainnya, pulau di salah satu destinasi wisata di Raja Ampat paling hits ini akan menunjukkan pasir putihnya jika air laut sedang surut.</p>\r\n\r\n<p>Image credit:&nbsp;<a href=\"https://www.instagram.com/p/Bf3IzRvhimr/?tagged=pasirtimbulrajaampat\" target=\"_blank\">@iraatulus</a></p>\r\n\r\n<p>Inilah momen yang pas buat kamu berselfie dan menjejakkan kaki sebelum pulau hilang disapu air laut saat pasang.</p>\r\n\r\n<h3><strong>7. Kearifan lokal dan tulusnya keceriaan&nbsp;</strong><strong>&ndash;&nbsp;</strong><strong>Desa Wisata Sauwandarek</strong></h3>\r\n\r\n<p>Image credit:&nbsp;<a href=\"https://www.instagram.com/p/BffGjullopb/\" target=\"_blank\">@nugrahafajar11</a></p>\r\n\r\n<p>Satu lagi desa wisata Raja Ampat yang boleh kamu kunjungi &ndash;&nbsp;Desa Sauwandarek. Kearifan lokal yang ditunjukkan warganya membuat kamu mungkin malas pulang.</p>\r\n\r\n<p>Image credit:&nbsp;<a href=\"https://www.instagram.com/p/Bff59rYjVNs/\" target=\"_blank\">@dustinriyadi</a></p>\r\n\r\n<p>Selain itu, di sekitar kampung Sauwandarek, juga terdapat beragam spot asyik untuk menikmati terumbu karang khas Raja Ampat. Bahkan di dermaganya pun, pemandangan bawah lautnya sudah sangat istimewa.</p>\r\n\r\n<p>Image credit:&nbsp;<a href=\"https://www.instagram.com/p/BK0Z_YngJhb/\" target=\"_blank\">@martinsupriatna</a></p>\r\n\r\n<h3><strong>8. Melihat langsung Cenderawasih&nbsp;</strong><strong>&ndash;&nbsp;</strong><strong>Desa Sawinggrai</strong></h3>\r\n\r\n<p>Image credit:&nbsp;<a href=\"https://www.instagram.com/p/BSn-WpRAjgd/\" target=\"_blank\">@ilhamarch</a></p>\r\n\r\n<p>Nah, bagi kamu yang ingin melihat hewan asli Papua, burung Cenderawasih, di habitat aslinya, langsung saja menuju ke desa Sawinggrai. Namun kamu harus rela bangun awal dan menyiapkan celana panjang serta sepatu serta tidak berisik untuk bisa mendapatkan keberuntungan menyaksikan burung Cenderawasih ini.</p>\r\n\r\n<p>Image credit:&nbsp;<a href=\"https://www.instagram.com/p/BdTrr8clTSv/\" target=\"_blank\">@kapanlagitrip</a></p>\r\n\r\n<p>Jika pun kamu tidak berhasil melihat burung ini, jangan kecewa karena banyak hal asyik bisa kamu temukan di Sawinggrai. Bukan hanya panorama alamnya, tapi juga keramahan warganya.</p>\r\n\r\n<h3><strong>9. Spot asyik menikmati panorama Raja Ampat&nbsp;</strong><strong>&ndash;&nbsp;</strong><strong>Pianemo</strong></h3>\r\n\r\n<p>mage credit:&nbsp;<a href=\"https://www.instagram.com/p/BGJeVfzQCBy/?taken-by=the_sigit\" target=\"_blank\">@the_sigit</a></p>\r\n\r\n<p>Ingin sekadar menikmati pemandangan alam Raja Ampat dari ketinggian, Pianemo adalah spot yang pas untuk itu. Gugusan batu karang dan birunya laut bisa dilihat dari ketinggian.</p>\r\n\r\n<p>Image credit:&nbsp;<a href=\"https://www.instagram.com/p/BbmL8G0gvp2/\" target=\"_blank\">@elisabeth.mita</a></p>\r\n\r\n<p>Karena potensi yang ditawarkan, tidak sedikit juga yang menyebut Pianemo sebagai Wayag mini.</p>\r\n\r\n<h3><strong>10. Penyejuk yang menyegarkan&nbsp;</strong><strong>&ndash;&nbsp;</strong><strong>Air Terjun Batanta</strong></h3>\r\n\r\n<p>mage credit:&nbsp;<a href=\"https://www.instagram.com/p/BY9kTCTHHwb/\" target=\"_blank\">@barrykusuma</a></p>\r\n\r\n<p>Air Terjun Batanta menjadi kejutan lain di Raja Ampat. Air terjun ini juga menjadi bukti bahwa keindahan alam di Raja Ampat tidak hanya didapat di sisi laut saja.</p>\r\n\r\n<p>Image credit:&nbsp;<a href=\"https://www.instagram.com/p/BYxDqsYHG2a/\" target=\"_blank\">@barrykusuma</a></p>\r\n\r\n<p>Tidak hanya menyuguhkan pemandangan air terjun yang aduhai, nuansa dan segarnya air juga istimewa. Air terjun Batanta juga bisa menjadi penyejuk setelah kamu seharian berendam di air asin.</p>\r\n',3000000,10,'admin','2019-04-27 17:05:40',NULL,NULL,'f7cf95e6e486ef083c93037463ab65ee.jpg'),(8,1,'Labuan Bajo 4D3N ','Paket Tour Labuan Bajo Include : Hotel, Transportasi, Makan, Dokumentasi. Destinasi : Gili Laba, Pulau Rinca, Pulau Kanawa, Gua Rangko. Minimal peserta 10 orang. Harga per pax Rp. 3.000.000',3000000,10,'ayub',NULL,NULL,NULL,'4ac4295e310f6d3bb50f70699b78d233.jpg'),(9,1,'Manado 4D3N','Paket Tour Manado Include : Hotel, Transportasi, Makan, Dokumentasi. Destinasi : Taman Laut Bunaken, Pulau Lembeh, Pulau Siladen, Pantai Ratatotok. Minimal peserta 10 orang. Harga per pax Rp. 3.000.000',3000000,10,'ayub',NULL,NULL,NULL,'3127be3d56c20b3280bd5928330fcbf4.jpg'),(18,0,'','',0,0,NULL,NULL,'admin','2019-06-29 20:04:23',NULL),(19,2,'Bromo 2D1N','Include : Hotel, Transportasi, Makan, Dokumentasi. Destinasi : Penanjakan 1, Pasir Berbisik, Bukit Cinta, Bukit Teletabis. Harga Rp. 3.000.000/Pax',3000000,0,'ayub',NULL,'ayub',NULL,'0afe3ddb3f2be18a31450572db6c45c5.jpg'),(20,2,'Singapore 2D1N','Include : Hotel, Transportasi, Makan, Dokumentasi. Destinasi : Garden by the Bay, Botanical Garden, Universal Studio Singapore. Harga Rp. 8.000.000/Pax',8000000,1,'ayub',NULL,'ayub',NULL,'420b2b6ad843f4bc4260e321d7d8da6f.jpg'),(21,3,'Paket Wedding','<p>Paket Custom Wedding. Include : Photo &amp; Video Synematic + Album. Fasilitas : Camera + Drone. Harga Rp.10.000.000/Day (dapat disesuaikan).</p>\r\n',10000000,1,'admin',NULL,'ayub',NULL,'c7d5463728110723fe0405a95178deb6.jpg');
/*!40000 ALTER TABLE `ms_paket` ENABLE KEYS */;
UNLOCK TABLES;

--
-- Table structure for table `ms_pegawai`
--

DROP TABLE IF EXISTS `ms_pegawai`;
/*!40101 SET @saved_cs_client     = @@character_set_client */;
/*!40101 SET character_set_client = utf8 */;
CREATE TABLE `ms_pegawai` (
  `idpegawai` int(3) NOT NULL AUTO_INCREMENT,
  `nip` varchar(9) DEFAULT NULL,
  `nik` varchar(20) DEFAULT NULL,
  `nama` varchar(50) DEFAULT NULL,
  `idjabatan` int(2) DEFAULT NULL,
  `foto` varchar(100) DEFAULT NULL,
  `alamat` text,
  `telp` varchar(15) DEFAULT NULL,
  `email` varchar(50) DEFAULT NULL,
  `tgllahir` date DEFAULT NULL,
  `jk` enum('Pria','Wanita') DEFAULT NULL,
  `dibuat` varchar(20) DEFAULT NULL,
  `tgl_dibuat` datetime DEFAULT NULL,
  `diubah` varchar(20) DEFAULT NULL,
  `tgl_diubah` datetime DEFAULT NULL,
  `terakhir_login` datetime DEFAULT NULL,
  PRIMARY KEY (`idpegawai`)
) ENGINE=InnoDB AUTO_INCREMENT=5 DEFAULT CHARSET=latin1;
/*!40101 SET character_set_client = @saved_cs_client */;

--
-- Dumping data for table `ms_pegawai`
--

LOCK TABLES `ms_pegawai` WRITE;
/*!40000 ALTER TABLE `ms_pegawai` DISABLE KEYS */;
INSERT INTO `ms_pegawai` VALUES (2,'12345678','1234567','Rofiq',1,'','Sidoarjo','081331528970','rofiqmobile@gmail.com','1999-01-19','Pria','admin','2019-04-20 18:08:04','admin','2019-04-24 04:14:57',NULL),(3,'1000','1000','Jalal',2,'','Surabaya','08983310001','jalaludin123@gmail.com','1992-01-01','Pria','','2019-04-20 18:15:48','admin','2019-04-24 04:11:13',NULL),(4,'123','123','Muhammad Mat',0,'','Surabaya','089605984680','masterhack5758@gmail.com','2019-04-27','Pria','admin','2019-04-27 18:56:02','admin','2019-04-27 18:56:21',NULL);
/*!40000 ALTER TABLE `ms_pegawai` ENABLE KEYS */;
UNLOCK TABLES;

--
-- Table structure for table `ms_profile`
--

DROP TABLE IF EXISTS `ms_profile`;
/*!40101 SET @saved_cs_client     = @@character_set_client */;
/*!40101 SET character_set_client = utf8 */;
CREATE TABLE `ms_profile` (
  `idprofile` int(3) NOT NULL AUTO_INCREMENT,
  `deskripsi` text,
  `status` enum('aktif','nonaktif') DEFAULT NULL,
  `tgl_dibuat` datetime DEFAULT NULL,
  `dibuat` varchar(20) DEFAULT NULL,
  `tgl_diubah` datetime DEFAULT NULL,
  `diubah` varchar(20) DEFAULT NULL,
  PRIMARY KEY (`idprofile`)
) ENGINE=InnoDB AUTO_INCREMENT=2 DEFAULT CHARSET=latin1;
/*!40101 SET character_set_client = @saved_cs_client */;

--
-- Dumping data for table `ms_profile`
--

LOCK TABLES `ms_profile` WRITE;
/*!40000 ALTER TABLE `ms_profile` DISABLE KEYS */;
INSERT INTO `ms_profile` VALUES (1,'CV. Cekrakcekrik adalah perusahaan yang bergerak di bidang fotografi dan tour. Perusahaan ini didirikan sejak tahun 2012 lalu dan sekarang sudah mendapatkan kepercayaan dari berbagai kalangan untuk keperluan yang sesuai dengan kebutuhan para customer.  Hasil terbaik telah ditunjukkan demi keupasan para customer dalam bingkai foto dan video. Ini membuktikan keunggulan dalam hal visual oleh para tim dari CV. Cekrakcekrik.','nonaktif',NULL,NULL,NULL,NULL);
/*!40000 ALTER TABLE `ms_profile` ENABLE KEYS */;
UNLOCK TABLES;

--
-- Table structure for table `ms_user`
--

DROP TABLE IF EXISTS `ms_user`;
/*!40101 SET @saved_cs_client     = @@character_set_client */;
/*!40101 SET character_set_client = utf8 */;
CREATE TABLE `ms_user` (
  `id_user` int(3) NOT NULL AUTO_INCREMENT,
  `username` varchar(255) DEFAULT NULL,
  `password` varchar(100) DEFAULT NULL,
  `level` varchar(30) DEFAULT NULL,
  `foto` varchar(100) NOT NULL,
  `terakhir_login` datetime DEFAULT NULL,
  `dibuat` varchar(20) NOT NULL,
  `tgl_dibuat` datetime DEFAULT NULL,
  `status` varchar(20) NOT NULL,
  `idcustomer` int(11) DEFAULT NULL,
  PRIMARY KEY (`id_user`)
) ENGINE=InnoDB AUTO_INCREMENT=9 DEFAULT CHARSET=latin1;
/*!40101 SET character_set_client = @saved_cs_client */;

--
-- Dumping data for table `ms_user`
--

LOCK TABLES `ms_user` WRITE;
/*!40000 ALTER TABLE `ms_user` DISABLE KEYS */;
INSERT INTO `ms_user` VALUES (1,'admin','21232f297a57a5a743894a0e4a801fc3','Admin','admin.jpg','2019-06-29 23:31:23','',NULL,'aktif',NULL),(2,'ayub','202cb962ac59075b964b07152d234b70','Admin Gudang','','2019-04-20 12:54:21','admin','2019-04-20 12:53:38','aktif',NULL),(3,'adhimonako@gmail.com','21232f297a57a5a743894a0e4a801fc3','9','',NULL,'frontend','2019-07-02 13:15:06','1',4),(4,'ayubjdc@gmail.com','21232f297a57a5a743894a0e4a801fc3','9','',NULL,'frontend','2019-07-03 19:47:25','1',5),(5,'kokoelokw@gmail.com','37f525e2b6fc3cb4abd882f708ab80eb','9','',NULL,'frontend','2019-07-04 11:28:07','1',6),(6,'kokoelokw@gmail.com','231b43f7fd80e94ffa2fda73cd228571','9','',NULL,'frontend','2019-07-04 12:24:36','1',7),(7,'ayubmansion@gmail.com','21232f297a57a5a743894a0e4a801fc3','9','',NULL,'frontend','2019-07-17 18:01:36','1',8),(8,'test@localhost.com','16d7a4fca7442dda3ad93c9a726597e4','9','',NULL,'frontend','2019-07-25 12:13:36','1',9);
/*!40000 ALTER TABLE `ms_user` ENABLE KEYS */;
UNLOCK TABLES;

--
-- Table structure for table `review`
--

DROP TABLE IF EXISTS `review`;
/*!40101 SET @saved_cs_client     = @@character_set_client */;
/*!40101 SET character_set_client = utf8 */;
CREATE TABLE `review` (
  `idreview` int(11) NOT NULL AUTO_INCREMENT,
  `idreservasi` int(11) DEFAULT NULL,
  `reviewstar` int(11) DEFAULT NULL,
  `reviewtext` text,
  PRIMARY KEY (`idreview`)
) ENGINE=InnoDB AUTO_INCREMENT=7 DEFAULT CHARSET=latin1;
/*!40101 SET character_set_client = @saved_cs_client */;

--
-- Dumping data for table `review`
--

LOCK TABLES `review` WRITE;
/*!40000 ALTER TABLE `review` DISABLE KEYS */;
INSERT INTO `review` VALUES (1,13,5,'asdf sdfasdfasdf'),(2,16,4,'asdf'),(3,18,4,'Pelayanan ramah, komunikatif, biaya terjangkau dan cocok untuk wisata bersama keluarga'),(4,15,4,'Istimewa, pelayanan terbaik dgn fasilitas dan hasil foto yang bagus. Terimakasih cekrakcekrik'),(5,27,4,'Cukup Puas dengan pelayanan dan kemudahan yang diberikan kepada kami. Thanks'),(6,26,4,'Bagus ');
/*!40000 ALTER TABLE `review` ENABLE KEYS */;
UNLOCK TABLES;

--
-- Table structure for table `t_batal`
--

DROP TABLE IF EXISTS `t_batal`;
/*!40101 SET @saved_cs_client     = @@character_set_client */;
/*!40101 SET character_set_client = utf8 */;
CREATE TABLE `t_batal` (
  `idbatal` int(11) NOT NULL AUTO_INCREMENT,
  `idreservasi` int(11) DEFAULT NULL,
  `nominalkembali` decimal(10,0) DEFAULT NULL,
  `tgl_dibuat` datetime DEFAULT NULL,
  `dibuat` varchar(45) DEFAULT NULL,
  `tgl_diubah` datetime DEFAULT NULL,
  `diubah` varchar(45) DEFAULT NULL,
  `statusbatal` int(11) DEFAULT NULL,
  `alasanbatal` varchar(255) DEFAULT NULL,
  `jenisbatal` int(11) DEFAULT NULL,
  PRIMARY KEY (`idbatal`)
) ENGINE=InnoDB AUTO_INCREMENT=2 DEFAULT CHARSET=latin1;
/*!40101 SET character_set_client = @saved_cs_client */;

--
-- Dumping data for table `t_batal`
--

LOCK TABLES `t_batal` WRITE;
/*!40000 ALTER TABLE `t_batal` DISABLE KEYS */;
INSERT INTO `t_batal` VALUES (1,15,500000,'2019-07-19 09:17:20','admin','2019-07-19 09:20:14','admin',1,'Ada acara mendadak',NULL);
/*!40000 ALTER TABLE `t_batal` ENABLE KEYS */;
UNLOCK TABLES;

--
-- Table structure for table `t_itinerary`
--

DROP TABLE IF EXISTS `t_itinerary`;
/*!40101 SET @saved_cs_client     = @@character_set_client */;
/*!40101 SET character_set_client = utf8 */;
CREATE TABLE `t_itinerary` (
  `iditinerary` int(3) NOT NULL AUTO_INCREMENT,
  `idjobsheet` int(3) DEFAULT NULL,
  `waktumulai` time DEFAULT NULL,
  `waktuselesai` time DEFAULT NULL,
  `deskripsi` varchar(100) DEFAULT NULL,
  `keterangan` varchar(100) DEFAULT NULL,
  `tgl_dibuat` datetime DEFAULT NULL,
  `dibuat` varchar(20) DEFAULT NULL,
  `tgl_diubah` datetime DEFAULT NULL,
  `diubah` varchar(20) DEFAULT NULL,
  PRIMARY KEY (`iditinerary`)
) ENGINE=InnoDB AUTO_INCREMENT=12 DEFAULT CHARSET=latin1;
/*!40101 SET character_set_client = @saved_cs_client */;

--
-- Dumping data for table `t_itinerary`
--

LOCK TABLES `t_itinerary` WRITE;
/*!40000 ALTER TABLE `t_itinerary` DISABLE KEYS */;
INSERT INTO `t_itinerary` VALUES (2,4,NULL,NULL,NULL,NULL,'2019-06-29 18:15:32','admin',NULL,NULL),(3,15,NULL,NULL,NULL,NULL,'2019-07-04 12:30:50','admin',NULL,NULL),(4,4,NULL,NULL,NULL,NULL,'2019-07-05 05:53:20','admin',NULL,NULL),(5,21,NULL,NULL,NULL,NULL,'2019-07-17 18:36:53','admin',NULL,NULL),(6,19,NULL,NULL,NULL,NULL,'2019-07-19 11:13:37','admin',NULL,NULL),(7,20,NULL,NULL,NULL,NULL,'2019-07-19 11:13:48','admin',NULL,NULL),(8,22,NULL,NULL,NULL,NULL,'2019-07-20 22:10:18','admin',NULL,NULL),(9,23,NULL,NULL,NULL,NULL,'2019-07-24 14:33:55','admin',NULL,NULL),(10,30,NULL,NULL,NULL,NULL,'2019-07-29 10:51:23','admin',NULL,NULL),(11,31,NULL,NULL,NULL,NULL,'2019-07-29 10:56:19','admin',NULL,NULL);
/*!40000 ALTER TABLE `t_itinerary` ENABLE KEYS */;
UNLOCK TABLES;

--
-- Table structure for table `t_itinerarydetail`
--

DROP TABLE IF EXISTS `t_itinerarydetail`;
/*!40101 SET @saved_cs_client     = @@character_set_client */;
/*!40101 SET character_set_client = utf8 */;
CREATE TABLE `t_itinerarydetail` (
  `iditinerarydetail` int(3) NOT NULL AUTO_INCREMENT,
  `iditinerary` int(3) DEFAULT NULL,
  `idjobsheet` int(3) DEFAULT NULL,
  `waktumulai` time DEFAULT NULL,
  `waktuselesai` time DEFAULT NULL,
  `deskripsi` varchar(100) DEFAULT NULL,
  `keterangan` varchar(100) DEFAULT NULL,
  `tgl_dibuat` datetime DEFAULT NULL,
  `dibuat` varchar(20) DEFAULT NULL,
  `tgl_diubah` datetime DEFAULT NULL,
  `diubah` varchar(20) DEFAULT NULL,
  PRIMARY KEY (`iditinerarydetail`)
) ENGINE=InnoDB AUTO_INCREMENT=19 DEFAULT CHARSET=latin1;
/*!40101 SET character_set_client = @saved_cs_client */;

--
-- Dumping data for table `t_itinerarydetail`
--

LOCK TABLES `t_itinerarydetail` WRITE;
/*!40000 ALTER TABLE `t_itinerarydetail` DISABLE KEYS */;
INSERT INTO `t_itinerarydetail` VALUES (2,1,4,'12:12:12','12:12:12','adaf','asdfasd','2019-06-29 18:12:27','admin',NULL,NULL),(3,1,4,'13:13:31','14:14:14','asdfas','asd3qwew','2019-06-29 18:12:45','admin',NULL,NULL),(4,2,4,'12:12:12','13:13:13','asdf','asdf','2019-06-29 18:15:43','admin',NULL,NULL),(5,3,15,'20:00:00','21:00:00','Makan Malam','Di Jimbaran','2019-07-05 05:53:57','admin',NULL,NULL),(6,5,21,'08:00:00','09:00:00','Penjemputan di bandara','optional','2019-07-19 09:19:37','admin',NULL,NULL),(7,6,19,'07:00:00','08:00:00','Sarapan Pagi','','2019-07-19 17:35:25','admin',NULL,NULL),(8,6,19,'08:00:00','09:00:00','Perjalanan Ke Pantai Kute','','2019-07-19 17:35:55','admin',NULL,NULL),(9,6,19,'09:00:00','12:00:00','Pantai Kuta','','2019-07-19 17:36:20','admin',NULL,NULL),(10,6,19,'12:00:00','13:00:00','Perjalanan ke Dream Land','','2019-07-19 17:36:42','admin',NULL,NULL),(11,6,19,'13:00:00','15:00:00','Dream Land','','2019-07-19 17:36:57','admin',NULL,NULL),(12,8,22,'09:00:00','10:00:00','Penjemputan di bandara ','','2019-07-20 22:10:46','admin',NULL,NULL),(13,9,23,'07:00:00','08:00:00','Perjalanan dari GWK','','2019-07-24 14:34:26','admin',NULL,NULL),(14,9,23,'08:00:00','10:00:00','Makan pagi di hotel JW Marriot','','2019-07-24 14:35:04','admin',NULL,NULL),(16,10,30,'20:00:00','21:00:00','Mulai','','2019-07-29 10:52:22','admin',NULL,NULL),(17,10,30,'21:00:00','22:00:00','Pemotongan Kue','','2019-07-29 10:52:40','admin',NULL,NULL),(18,11,31,'10:00:00','11:00:00','Penjemputan','','2019-07-29 10:56:33','admin',NULL,NULL);
/*!40000 ALTER TABLE `t_itinerarydetail` ENABLE KEYS */;
UNLOCK TABLES;

--
-- Table structure for table `t_jadwaloperasional`
--

DROP TABLE IF EXISTS `t_jadwaloperasional`;
/*!40101 SET @saved_cs_client     = @@character_set_client */;
/*!40101 SET character_set_client = utf8 */;
CREATE TABLE `t_jadwaloperasional` (
  `idjadwal` int(3) NOT NULL AUTO_INCREMENT,
  `idjobsheet` int(3) DEFAULT NULL,
  `idpegawai` int(3) DEFAULT NULL,
  `jobdesc` varchar(100) DEFAULT NULL,
  `keterangan` varchar(100) DEFAULT NULL,
  `tgl_dibuat` datetime DEFAULT NULL,
  `dibuat` varchar(20) DEFAULT NULL,
  `tgl_diubah` datetime DEFAULT NULL,
  `diubah` varchar(20) DEFAULT NULL,
  PRIMARY KEY (`idjadwal`)
) ENGINE=InnoDB DEFAULT CHARSET=latin1;
/*!40101 SET character_set_client = @saved_cs_client */;

--
-- Dumping data for table `t_jadwaloperasional`
--

LOCK TABLES `t_jadwaloperasional` WRITE;
/*!40000 ALTER TABLE `t_jadwaloperasional` DISABLE KEYS */;
/*!40000 ALTER TABLE `t_jadwaloperasional` ENABLE KEYS */;
UNLOCK TABLES;

--
-- Table structure for table `t_jobsheet`
--

DROP TABLE IF EXISTS `t_jobsheet`;
/*!40101 SET @saved_cs_client     = @@character_set_client */;
/*!40101 SET character_set_client = utf8 */;
CREATE TABLE `t_jobsheet` (
  `idjobsheet` int(3) NOT NULL AUTO_INCREMENT,
  `idreservasi` int(3) DEFAULT NULL,
  `totaltagihan` int(20) DEFAULT NULL,
  `tgl_dibuat` datetime DEFAULT NULL,
  `dibuat` varchar(20) DEFAULT NULL,
  `tgl_diubah` datetime DEFAULT NULL,
  `diubah` varchar(20) DEFAULT NULL,
  `kodejobsheet` varchar(45) DEFAULT NULL,
  PRIMARY KEY (`idjobsheet`)
) ENGINE=InnoDB AUTO_INCREMENT=32 DEFAULT CHARSET=latin1;
/*!40101 SET character_set_client = @saved_cs_client */;

--
-- Dumping data for table `t_jobsheet`
--

LOCK TABLES `t_jobsheet` WRITE;
/*!40000 ALTER TABLE `t_jobsheet` DISABLE KEYS */;
INSERT INTO `t_jobsheet` VALUES (4,1,0,'2019-06-29 07:36:16','admin',NULL,NULL,'20190629001'),(8,0,0,'2019-06-29 08:44:37','admin',NULL,NULL,''),(9,0,0,'2019-06-29 08:45:23','admin',NULL,NULL,''),(10,1,0,'2019-06-29 22:36:40','admin',NULL,NULL,'20190629002'),(11,2,0,'2019-07-02 23:15:30','admin',NULL,NULL,'20190702001'),(12,4,0,'2019-07-03 19:50:06','admin',NULL,NULL,'20190703001'),(13,5,0,'2019-07-03 19:54:22','admin',NULL,NULL,'2147483648'),(14,7,0,'2019-07-04 11:30:58','admin',NULL,NULL,'20190704001'),(15,8,0,'2019-07-04 12:27:53','admin',NULL,NULL,'2147483648'),(16,9,0,'2019-07-05 00:45:45','admin',NULL,NULL,'20190705001'),(17,3,0,'2019-07-05 05:55:55','admin',NULL,NULL,'2147483648'),(18,12,0,'2019-07-16 17:22:35','admin',NULL,NULL,'20190716001'),(19,13,0,'2019-07-17 16:03:41','ayub',NULL,NULL,'20190717001'),(20,14,0,'2019-07-17 16:06:55','ayub',NULL,NULL,'20190717002'),(21,15,0,'2019-07-17 18:30:16','admin',NULL,NULL,'20190717003'),(22,16,0,'2019-07-20 22:08:06','admin',NULL,NULL,'20190720001'),(23,18,0,'2019-07-24 14:29:06','admin',NULL,NULL,'20190724001'),(24,20,0,'2019-07-29 10:05:34','admin',NULL,NULL,'20190729001'),(25,21,0,'2019-07-29 10:26:36','admin',NULL,NULL,'20190729002'),(26,22,0,'2019-07-29 10:32:00','admin',NULL,NULL,'20190729003'),(27,23,0,'2019-07-29 10:38:48','admin',NULL,NULL,'20190729004'),(28,24,0,'2019-07-29 10:44:14','admin',NULL,NULL,'20190729005'),(29,25,0,'2019-07-29 10:46:25','admin',NULL,NULL,'20190729006'),(30,26,0,'2019-07-29 10:50:59','admin',NULL,NULL,'20190729007'),(31,27,0,'2019-07-29 10:56:02','admin',NULL,NULL,'20190729008');
/*!40000 ALTER TABLE `t_jobsheet` ENABLE KEYS */;
UNLOCK TABLES;

--
-- Table structure for table `t_jobsheetdetail`
--

DROP TABLE IF EXISTS `t_jobsheetdetail`;
/*!40101 SET @saved_cs_client     = @@character_set_client */;
/*!40101 SET character_set_client = utf8 */;
CREATE TABLE `t_jobsheetdetail` (
  `idjobsheetdetail` int(3) NOT NULL AUTO_INCREMENT,
  `idjobsheet` int(3) DEFAULT NULL,
  `namatagihan` varchar(20) DEFAULT NULL,
  `nominal` int(10) DEFAULT NULL,
  `vendor` varchar(100) DEFAULT NULL,
  `tgl_dibuat` datetime DEFAULT NULL,
  `dibuat` varchar(20) DEFAULT NULL,
  `tgl_diubah` datetime DEFAULT NULL,
  `diubah` varchar(20) DEFAULT NULL,
  `ispengeluaran` int(10) DEFAULT NULL,
  PRIMARY KEY (`idjobsheetdetail`)
) ENGINE=InnoDB AUTO_INCREMENT=12 DEFAULT CHARSET=latin1;
/*!40101 SET character_set_client = @saved_cs_client */;

--
-- Dumping data for table `t_jobsheetdetail`
--

LOCK TABLES `t_jobsheetdetail` WRITE;
/*!40000 ALTER TABLE `t_jobsheetdetail` DISABLE KEYS */;
INSERT INTO `t_jobsheetdetail` VALUES (1,4,'1231',123,'asdf',NULL,NULL,NULL,NULL,NULL),(4,7,'asdf',123,'asdf','2019-06-29 09:01:48','admin',NULL,NULL,NULL),(5,10,'asds',12345,'sdfghjk','2019-06-29 22:36:49','admin',NULL,NULL,NULL),(6,15,'hotel',2500000,'bromo','2019-07-04 12:28:47','admin',NULL,NULL,NULL),(7,15,'hartop',1000000,'pak jayus','2019-07-04 12:30:12','admin',NULL,NULL,NULL),(8,22,'TRANSPORTATION ',1000000,'Tanto trans','2019-07-20 22:08:49','admin',NULL,NULL,NULL),(9,22,'Hotel ',1000000,'Jw Marriott ','2019-07-20 22:09:08','admin',NULL,NULL,NULL),(10,22,'Tiket wisata ',1000000,'','2019-07-20 22:09:23','admin',NULL,NULL,NULL),(11,23,'Transportasi',2000000,'Tanto trans','2019-07-24 14:29:37','admin',NULL,NULL,NULL);
/*!40000 ALTER TABLE `t_jobsheetdetail` ENABLE KEYS */;
UNLOCK TABLES;

--
-- Table structure for table `t_pembayaran`
--

DROP TABLE IF EXISTS `t_pembayaran`;
/*!40101 SET @saved_cs_client     = @@character_set_client */;
/*!40101 SET character_set_client = utf8 */;
CREATE TABLE `t_pembayaran` (
  `idpembayaran` int(3) NOT NULL AUTO_INCREMENT,
  `idtagihan` int(3) DEFAULT NULL,
  `nominal` int(20) DEFAULT NULL,
  `tglbayar` datetime DEFAULT NULL,
  `tgl_dibuat` datetime DEFAULT NULL,
  `dibuat` varchar(45) DEFAULT NULL,
  `tgl_diubah` datetime DEFAULT NULL,
  `diubah` varchar(45) DEFAULT NULL,
  `filefoto` varchar(225) DEFAULT NULL,
  `isvoid` tinyint(1) DEFAULT '0',
  `ajukanbatal` tinyint(4) DEFAULT NULL,
  PRIMARY KEY (`idpembayaran`)
) ENGINE=InnoDB AUTO_INCREMENT=23 DEFAULT CHARSET=latin1;
/*!40101 SET character_set_client = @saved_cs_client */;

--
-- Dumping data for table `t_pembayaran`
--

LOCK TABLES `t_pembayaran` WRITE;
/*!40000 ALTER TABLE `t_pembayaran` DISABLE KEYS */;
INSERT INTO `t_pembayaran` VALUES (1,2,1234567,'2019-06-16 00:00:00','2019-06-29 21:54:29','admin',NULL,NULL,NULL,0,NULL),(2,3,10000,'2019-07-03 17:19:39','2019-07-03 17:19:39','veritrans',NULL,NULL,NULL,0,NULL),(3,5,1000000,'2019-07-03 19:55:52','2019-07-03 19:55:52','veritrans',NULL,NULL,NULL,0,NULL),(4,6,30000000,'2019-07-03 23:34:21','2019-07-03 23:34:21','veritrans',NULL,NULL,NULL,0,NULL),(5,7,1000000,'2019-07-04 12:36:17','2019-07-04 12:36:17','veritrans',NULL,NULL,NULL,0,NULL),(6,9,1500000,'2019-07-05 00:50:37','2019-07-05 00:50:37','veritrans',NULL,NULL,NULL,0,NULL),(7,6,30000000,'2019-07-16 17:36:38','2019-07-16 17:36:38','veritrans',NULL,NULL,NULL,0,NULL),(8,11,1000,'2019-07-16 17:43:25','2019-07-16 17:43:25','veritrans',NULL,NULL,NULL,0,NULL),(9,4,1000000,'2019-07-31 00:00:00','2019-07-17 11:03:36','admin',NULL,NULL,'ebbffcd7164cd551b09a0635cbcf04ee.jpg',0,NULL),(10,12,1000000,'2019-07-17 00:00:00','2019-07-17 16:05:36','ayub','2019-07-19 11:17:04','admin','8e9a1c6abbeb24c6ebd00558e9b6c4b0.jpg',0,NULL),(11,13,1000000,'2019-07-17 16:13:17','2019-07-17 16:13:17','veritrans','2019-07-19 11:17:17','admin','7e64cabc242b29004a1dc9211ab337f2.jpg',0,NULL),(12,14,500000,'2019-07-17 18:33:30','2019-07-17 18:33:30','veritrans','2019-07-19 11:17:27','admin','4ad75c4f9b5631c52fb47cf2fffc4b13.jpg',0,NULL),(13,15,1000000,'2019-07-20 22:17:18','2019-07-20 22:17:18','veritrans',NULL,NULL,NULL,0,NULL),(14,19,3000000,'2019-07-29 10:08:28','2019-07-29 10:08:28','veritrans',NULL,NULL,NULL,0,NULL),(15,17,500000,'2019-07-29 10:19:19','2019-07-29 10:19:19','veritrans',NULL,NULL,NULL,0,NULL),(16,20,3000000,'2019-07-29 10:28:08','2019-07-29 10:28:08','veritrans',NULL,NULL,NULL,0,NULL),(17,21,1000000,'2019-07-29 10:33:01','2019-07-29 10:33:01','veritrans',NULL,NULL,NULL,0,NULL),(18,23,3000000,'2019-07-29 10:40:08','2019-07-29 10:40:08','veritrans',NULL,NULL,NULL,0,NULL),(19,24,3000000,'2019-07-29 10:45:22','2019-07-29 10:45:22','veritrans',NULL,NULL,NULL,0,NULL),(20,25,3000000,'2019-07-29 10:47:31','2019-07-29 10:47:31','veritrans',NULL,NULL,NULL,0,NULL),(21,26,20000000,'2019-07-29 10:54:10','2019-07-29 10:54:10','veritrans',NULL,NULL,NULL,0,NULL),(22,27,4000000,'2019-07-29 10:57:40','2019-07-29 10:57:40','veritrans',NULL,NULL,NULL,0,NULL);
/*!40000 ALTER TABLE `t_pembayaran` ENABLE KEYS */;
UNLOCK TABLES;

--
-- Table structure for table `t_reservasi`
--

DROP TABLE IF EXISTS `t_reservasi`;
/*!40101 SET @saved_cs_client     = @@character_set_client */;
/*!40101 SET character_set_client = utf8 */;
CREATE TABLE `t_reservasi` (
  `idreservasi` int(3) NOT NULL AUTO_INCREMENT,
  `idpaket` int(3) DEFAULT NULL,
  `idcustomer` int(3) DEFAULT NULL,
  `idbank` int(3) DEFAULT NULL,
  `jumlahpeserta` int(3) DEFAULT NULL,
  `tglkeberangkatan` date DEFAULT NULL,
  `tgl_dibuat` datetime DEFAULT NULL,
  `dibuat` varchar(20) DEFAULT NULL,
  `tgl_diubah` datetime DEFAULT NULL,
  `diubah` varchar(20) DEFAULT NULL,
  `statusreservasi` int(11) DEFAULT '0',
  PRIMARY KEY (`idreservasi`)
) ENGINE=InnoDB AUTO_INCREMENT=28 DEFAULT CHARSET=latin1;
/*!40101 SET character_set_client = @saved_cs_client */;

--
-- Dumping data for table `t_reservasi`
--

LOCK TABLES `t_reservasi` WRITE;
/*!40000 ALTER TABLE `t_reservasi` DISABLE KEYS */;
INSERT INTO `t_reservasi` VALUES (15,9,8,NULL,10,'2019-08-24','2019-07-17 18:29:33','frontend',NULL,NULL,1),(16,8,5,NULL,2,'2019-08-09','2019-07-20 22:06:37','frontend',NULL,NULL,1),(18,7,5,NULL,10,'2019-08-31','2019-07-24 14:23:48','frontend',NULL,NULL,1),(19,7,9,NULL,0,'2019-07-05','2019-07-25 12:15:02','frontend',NULL,NULL,0),(20,21,5,NULL,2,'2019-07-29','2019-07-29 09:53:15','frontend',NULL,NULL,1),(21,20,5,NULL,2,'2019-07-29','2019-07-29 10:24:47','frontend',NULL,NULL,1),(22,9,5,NULL,10,'2019-07-31','2019-07-29 10:31:36','frontend',NULL,NULL,1),(24,8,8,NULL,2,'2019-07-29','2019-07-29 10:43:44','frontend',NULL,NULL,1),(25,7,8,NULL,5,'2019-07-31','2019-07-29 10:46:05','frontend',NULL,NULL,1),(26,21,8,NULL,2,'2019-07-30','2019-07-29 10:50:41','frontend',NULL,NULL,1),(27,20,8,NULL,5,'2019-07-29','2019-07-29 10:55:38','frontend',NULL,NULL,1);
/*!40000 ALTER TABLE `t_reservasi` ENABLE KEYS */;
UNLOCK TABLES;

--
-- Table structure for table `t_tagihan`
--

DROP TABLE IF EXISTS `t_tagihan`;
/*!40101 SET @saved_cs_client     = @@character_set_client */;
/*!40101 SET character_set_client = utf8 */;
CREATE TABLE `t_tagihan` (
  `idtagihan` int(3) NOT NULL AUTO_INCREMENT,
  `idjobsheet` int(3) DEFAULT NULL,
  `jenis_tagihan` tinyint(4) DEFAULT '0',
  `nominal` int(10) DEFAULT NULL,
  `tgltagihan` date DEFAULT NULL,
  `tgldeadline` date DEFAULT NULL,
  `statustagihan` tinyint(4) DEFAULT '0',
  `tgl_dibuat` datetime DEFAULT NULL,
  `dibuat` varchar(20) DEFAULT NULL,
  `tgl_diubah` datetime DEFAULT NULL,
  `diubah` varchar(20) DEFAULT NULL,
  PRIMARY KEY (`idtagihan`)
) ENGINE=InnoDB AUTO_INCREMENT=28 DEFAULT CHARSET=latin1;
/*!40101 SET character_set_client = @saved_cs_client */;

--
-- Dumping data for table `t_tagihan`
--

LOCK TABLES `t_tagihan` WRITE;
/*!40000 ALTER TABLE `t_tagihan` DISABLE KEYS */;
INSERT INTO `t_tagihan` VALUES (2,4,1,12312,'2019-06-07','2019-06-22',0,'2019-06-29 20:44:53','admin',NULL,NULL),(3,11,0,10000,'2019-07-01','2019-07-31',1,'2019-07-02 23:30:22','admin',NULL,NULL),(4,12,1,1000000,'2019-07-10','2019-07-16',1,'2019-07-03 19:50:48','admin',NULL,NULL),(5,13,1,1000000,'2019-07-10','2019-07-16',1,'2019-07-03 19:54:44','admin',NULL,NULL),(6,12,1,30000000,'2019-08-01','2019-08-08',1,'2019-07-03 23:21:18','admin',NULL,NULL),(7,14,1,1000000,'2019-08-01','2019-08-08',0,'2019-07-04 11:32:26','admin',NULL,NULL),(8,15,1,20000000,'2019-07-04','2019-07-14',0,'2019-07-04 12:32:12','admin',NULL,NULL),(9,16,1,1500000,'2019-07-30','2019-07-30',1,'2019-07-05 00:46:34','admin',NULL,NULL),(10,12,1,1111,'2019-07-16','2019-07-23',0,'2019-07-16 17:23:08','admin','2019-07-16 17:41:30','admin'),(11,18,1,1000,'2019-07-16','2019-07-16',1,'2019-07-16 17:42:06','admin',NULL,NULL),(12,19,1,1000000,'2019-07-20','2019-07-26',1,'2019-07-17 16:04:15','ayub',NULL,NULL),(13,20,1,1000000,'2019-07-27','2019-07-27',1,'2019-07-17 16:07:32','ayub',NULL,NULL),(14,21,1,500000,'2019-07-17','2019-07-24',1,'2019-07-17 18:31:33','admin',NULL,NULL),(15,22,1,1000000,'2019-07-20','2019-08-08',1,'2019-07-20 22:11:26','admin',NULL,NULL),(16,0,1,12000000,'2019-07-24','2019-07-27',0,'2019-07-24 14:35:33','admin',NULL,NULL),(17,23,1,500000,'2019-07-24','2019-07-26',1,'2019-07-24 14:36:09','admin',NULL,NULL),(18,0,1,3000000,'2019-07-29','2019-07-31',0,'2019-07-29 10:06:28','admin','2019-07-29 10:07:00','admin'),(19,24,1,3000000,'2019-07-29','2019-07-31',1,'2019-07-29 10:07:48','admin',NULL,NULL),(20,25,1,3000000,'2019-07-29','2019-07-31',1,'2019-07-29 10:27:02','admin',NULL,NULL),(21,26,1,1000000,'2019-07-29','2019-07-31',1,'2019-07-29 10:32:23','admin',NULL,NULL),(23,21,1,3000000,'2019-07-29','2019-07-31',1,'2019-07-29 10:39:14','admin',NULL,NULL),(24,28,1,3000000,'2019-07-29','2019-07-31',1,'2019-07-29 10:44:43','admin',NULL,NULL),(25,29,1,3000000,'2019-07-29','2019-07-31',1,'2019-07-29 10:46:50','admin',NULL,NULL),(26,30,1,20000000,'2019-07-29','2019-07-31',1,'2019-07-29 10:53:36','admin',NULL,NULL),(27,31,1,4000000,'2019-07-31','2019-07-31',1,'2019-07-29 10:57:10','admin',NULL,NULL);
/*!40000 ALTER TABLE `t_tagihan` ENABLE KEYS */;
UNLOCK TABLES;

--
-- Table structure for table `tbl_agenda`
--

DROP TABLE IF EXISTS `tbl_agenda`;
/*!40101 SET @saved_cs_client     = @@character_set_client */;
/*!40101 SET character_set_client = utf8 */;
CREATE TABLE `tbl_agenda` (
  `agenda_id` int(11) NOT NULL AUTO_INCREMENT,
  `agenda_nama` varchar(200) DEFAULT NULL,
  `agenda_tanggal` timestamp NULL DEFAULT CURRENT_TIMESTAMP,
  `agenda_deskripsi` text,
  `agenda_mulai` date DEFAULT NULL,
  `agenda_selesai` date DEFAULT NULL,
  `agenda_tempat` varchar(90) DEFAULT NULL,
  `agenda_waktu` varchar(30) DEFAULT NULL,
  `agenda_keterangan` varchar(200) DEFAULT NULL,
  `agenda_author` varchar(60) DEFAULT NULL,
  PRIMARY KEY (`agenda_id`)
) ENGINE=InnoDB AUTO_INCREMENT=4 DEFAULT CHARSET=latin1;
/*!40101 SET character_set_client = @saved_cs_client */;

--
-- Dumping data for table `tbl_agenda`
--

LOCK TABLES `tbl_agenda` WRITE;
/*!40000 ALTER TABLE `tbl_agenda` DISABLE KEYS */;
INSERT INTO `tbl_agenda` VALUES (1,'Penyembelihan Hewan Kurban Idul Adha 2017','2017-01-22 06:18:01','Idul Adha yang biasa disebut lebaran haji atapun lebaran kurban sangat identik dengan penyembelihan hewan kurban. M-Sekolah tahun ini juga melakukan penyembelihan hewan kurban. Yang rencananya akan dihadiri oleh guru-guru, siswa dan pengurus OSIS.','2017-01-22','2017-01-22','M-Sekolah','08.00 - 11.00 WIB','Dihadiri oleh guru-guru, siswa dan pengurus OSIS','M Fikri Setiadi'),(2,'Peluncuran Website Resmi M-Sekolah','2017-01-22 06:26:33','Peluncuran website resmi  M-Sekolah, sebagai media informasi dan akademik online untuk pelayanan pendidikan yang lebih baik kepada siswa, orangtua, dan masyarakat pada umumnya semakin meningkat.','2017-01-04','2017-01-04','M-Sekolah','07.30 - 12.00 WIB','-','M Fikri Setiadi'),(3,'Penerimaan Raport Semester Ganjil Tahun Ajaran 2017-2018','2017-01-22 06:29:49','Berakhirnya semester ganjil tahun pelajaran 2016-2017, ditandai dengan pembagian laporan hasil belajar.','2017-02-17','2017-02-17','M-Sekolah','07.30 - 12.00 WIB','Untuk kelas XI dan XII, pembagian raport dimulai pukul 07.30 WIB. Sedangkan untuk kelas X pada pukul 09.00 WIB. Raport diambil oleh orang tua/wali murid masing-masing.','M Fikri Setiadi');
/*!40000 ALTER TABLE `tbl_agenda` ENABLE KEYS */;
UNLOCK TABLES;

--
-- Table structure for table `tbl_album`
--

DROP TABLE IF EXISTS `tbl_album`;
/*!40101 SET @saved_cs_client     = @@character_set_client */;
/*!40101 SET character_set_client = utf8 */;
CREATE TABLE `tbl_album` (
  `album_id` int(11) NOT NULL AUTO_INCREMENT,
  `album_nama` varchar(50) DEFAULT NULL,
  `album_tanggal` timestamp NULL DEFAULT CURRENT_TIMESTAMP,
  `album_pengguna_id` int(11) DEFAULT NULL,
  `album_author` varchar(60) DEFAULT NULL,
  `album_count` int(11) DEFAULT '0',
  `album_cover` varchar(40) DEFAULT NULL,
  PRIMARY KEY (`album_id`),
  KEY `album_pengguna_id` (`album_pengguna_id`)
) ENGINE=InnoDB AUTO_INCREMENT=6 DEFAULT CHARSET=latin1;
/*!40101 SET character_set_client = @saved_cs_client */;

--
-- Dumping data for table `tbl_album`
--

LOCK TABLES `tbl_album` WRITE;
/*!40000 ALTER TABLE `tbl_album` DISABLE KEYS */;
INSERT INTO `tbl_album` VALUES (4,'BUDI RISKA','2017-01-24 01:31:13',1,'Administrator',2,'551637f70243d96c45b83393798e4dc7.jpg'),(5,'Travelling','2019-07-04 20:58:29',1,'Administrator',13,'3bfb76b43fd2dfa1923d980b7b10dcb2.jpg');
/*!40000 ALTER TABLE `tbl_album` ENABLE KEYS */;
UNLOCK TABLES;

--
-- Table structure for table `tbl_files`
--

DROP TABLE IF EXISTS `tbl_files`;
/*!40101 SET @saved_cs_client     = @@character_set_client */;
/*!40101 SET character_set_client = utf8 */;
CREATE TABLE `tbl_files` (
  `file_id` int(11) NOT NULL AUTO_INCREMENT,
  `file_judul` varchar(120) DEFAULT NULL,
  `file_deskripsi` text,
  `file_tanggal` timestamp NULL DEFAULT CURRENT_TIMESTAMP,
  `file_oleh` varchar(60) DEFAULT NULL,
  `file_download` int(11) DEFAULT '0',
  `file_data` varchar(120) DEFAULT NULL,
  PRIMARY KEY (`file_id`)
) ENGINE=InnoDB AUTO_INCREMENT=13 DEFAULT CHARSET=latin1;
/*!40101 SET character_set_client = @saved_cs_client */;

--
-- Dumping data for table `tbl_files`
--

LOCK TABLES `tbl_files` WRITE;
/*!40000 ALTER TABLE `tbl_files` DISABLE KEYS */;
INSERT INTO `tbl_files` VALUES (2,'Dasar-dasar CSS','Modul dasar-dasar CSS 3. Modul ini membantu anda untuk memahami struktur dasar CSS','2017-01-23 04:30:01','Drs. Joko',0,'ab9a183ff240deadbedaff78e639af2f.pdf'),(3,'14 Teknik Komunikasi Yang Paling Efektif','Ebook 14 teknik komunikasi paling efektif membantu anda untuk berkomunikasi dengan baik dan benar','2017-01-23 15:26:06','Drs. Joko',0,'ab2cb34682bd94f30f2347523112ffb9.pdf'),(4,'Bagaimana Membentuk Pola Pikir yang Baru','Ebook ini membantu anda membentuk pola pikir baru.','2017-01-23 15:27:07','Drs. Joko',0,'30f588eb5c55324f8d18213f11651855.pdf'),(5,'7 Tips Penting mengatasi Kritik','7 Tips Penting mengatasi Kritik','2017-01-23 15:27:44','Drs. Joko',0,'329a62b25ad475a148e1546aa3db41de.docx'),(6,'8 Racun dalam kehidupan kita','8 Racun dalam kehidupan kita','2017-01-23 15:28:17','Drs. Joko',0,'8e38ad4948ba13758683dea443fbe6be.docx'),(7,'Jurnal Teknolgi Informasi','Jurnal Teknolgi Informasi','2017-01-25 03:18:53','Gunawan, S.Pd',0,'87ae0f009714ddfdd79e2977b2a64632.pdf'),(8,'Jurnal Teknolgi Informasi 2','Jurnal Teknolgi Informasi','2017-01-25 03:19:22','Gunawan, S.Pd',0,'c4e966ba2c6e142155082854dc5b3602.pdf'),(9,'Naskah Publikasi IT','Naskah Teknolgi Informasi','2017-01-25 03:21:04','Gunawan, S.Pd',0,'71380b3cf16a17a02382098c028ece9c.pdf'),(10,'Modul Teknologi Informasi','Modul Teknologi Informasi','2017-01-25 03:22:08','Gunawan, S.Pd',0,'029143a3980232ab2900d94df36dbb0c.pdf'),(11,'Modul Teknologi Informasi Part II','Modul Teknologi Informasi','2017-01-25 03:22:54','Gunawan, S.Pd',0,'ea8f3f732576083156e509657614f551.pdf'),(12,'Modul Teknologi Informasi Part III','Modul Teknologi Informasi','2017-01-25 03:23:21','Gunawan, S.Pd',0,'c5e5e7d16e4cd6c3d22c11f64b0db2af.pdf');
/*!40000 ALTER TABLE `tbl_files` ENABLE KEYS */;
UNLOCK TABLES;

--
-- Table structure for table `tbl_galeri`
--

DROP TABLE IF EXISTS `tbl_galeri`;
/*!40101 SET @saved_cs_client     = @@character_set_client */;
/*!40101 SET character_set_client = utf8 */;
CREATE TABLE `tbl_galeri` (
  `galeri_id` int(11) NOT NULL AUTO_INCREMENT,
  `galeri_judul` varchar(60) DEFAULT NULL,
  `galeri_tanggal` timestamp NULL DEFAULT CURRENT_TIMESTAMP,
  `galeri_gambar` varchar(40) DEFAULT NULL,
  `galeri_album_id` int(11) DEFAULT NULL,
  `galeri_pengguna_id` int(11) DEFAULT NULL,
  `galeri_author` varchar(60) DEFAULT NULL,
  PRIMARY KEY (`galeri_id`),
  KEY `galeri_album_id` (`galeri_album_id`),
  KEY `galeri_pengguna_id` (`galeri_pengguna_id`)
) ENGINE=InnoDB AUTO_INCREMENT=34 DEFAULT CHARSET=latin1;
/*!40101 SET character_set_client = @saved_cs_client */;

--
-- Dumping data for table `tbl_galeri`
--

LOCK TABLES `tbl_galeri` WRITE;
/*!40000 ALTER TABLE `tbl_galeri` DISABLE KEYS */;
INSERT INTO `tbl_galeri` VALUES (18,'Turki','2017-01-24 01:33:24','b5b2e29dea1e32b2f37d7de703ad9488.jpg',5,2,'Ayub'),(20,'Turki','2019-07-04 05:55:05','e2e0b79cb293eab38132087795322391.jpg',5,2,'Ayub'),(21,'Pulau Padar','2019-07-04 21:00:13','ba17fc5a94f38f894183f283309edadd.jpg',5,1,'Administrator'),(22,'Labuan Bajo','2019-07-04 21:01:10','8b816e4944eb9c7e8a601eab6df5b1b3.jpg',5,1,'Administrator'),(23,'Labuan Bajo','2019-07-04 21:01:24','33697083440870d1d38f879b9b90f562.jpg',5,1,'Administrator'),(24,'Labuan Bajo','2019-07-04 21:02:37','b88ea324fdad97c091d750fd3dbf701c.jpg',5,1,'Administrator'),(25,'Labuan Bajo','2019-07-04 21:02:54','82b4e2847ef822afdb10c50526a05ada.jpg',5,1,'Administrator'),(26,'Labuan Bajo','2019-07-04 21:03:17','6b033ec2b28134fbd47289770b995138.jpg',5,1,'Administrator'),(27,'Labuan Bajo','2019-07-04 21:04:54','d525566b603c8ef15e603794c2a1e7a0.jpg',5,2,'Ayub'),(28,'Turki','2019-07-17 09:00:32','229b9a26895796bce44eede72e65b9ee.jpg',5,2,'Ayub'),(29,'Bromo','2019-07-17 09:00:54','1c75699388b735f793a002fc7fc76304.jpg',5,2,'Ayub'),(30,'Turki','2019-07-17 09:01:12','6d7259893c5be4447ed40d9e8dfcf606.jpg',5,2,'Ayub'),(31,'Singapore','2019-07-17 09:01:34','66799f37d505582b0a067d56f671a7a0.jpg',5,2,'Ayub'),(32,'Turki','2019-07-17 09:02:10','5dcfebb70e44aef2a987c00469543566.jpg',5,2,'Ayub'),(33,'Turki','2019-07-17 09:02:31','38dcb8c0ffbf0a9fe21914924e78cd8b.jpg',5,2,'Ayub');
/*!40000 ALTER TABLE `tbl_galeri` ENABLE KEYS */;
UNLOCK TABLES;

--
-- Table structure for table `tbl_inbox`
--

DROP TABLE IF EXISTS `tbl_inbox`;
/*!40101 SET @saved_cs_client     = @@character_set_client */;
/*!40101 SET character_set_client = utf8 */;
CREATE TABLE `tbl_inbox` (
  `inbox_id` int(11) NOT NULL AUTO_INCREMENT,
  `inbox_nama` varchar(40) DEFAULT NULL,
  `inbox_email` varchar(60) DEFAULT NULL,
  `inbox_kontak` varchar(20) DEFAULT NULL,
  `inbox_pesan` text,
  `inbox_tanggal` timestamp NULL DEFAULT CURRENT_TIMESTAMP,
  `inbox_status` int(11) DEFAULT '1' COMMENT '1=Belum dilihat, 0=Telah dilihat',
  `dariinbox` varchar(45) DEFAULT NULL,
  `keinbox` varchar(45) DEFAULT NULL,
  PRIMARY KEY (`inbox_id`)
) ENGINE=InnoDB AUTO_INCREMENT=19 DEFAULT CHARSET=latin1;
/*!40101 SET character_set_client = @saved_cs_client */;

--
-- Dumping data for table `tbl_inbox`
--

LOCK TABLES `tbl_inbox` WRITE;
/*!40000 ALTER TABLE `tbl_inbox` DISABLE KEYS */;
INSERT INTO `tbl_inbox` VALUES (10,'asdfsa','adhimonako@gmail.com',NULL,'asdfasdf','2019-06-29 18:24:29',0,NULL,NULL),(11,'123456','adhimonako@gmail.com',NULL,'','2019-07-02 06:25:30',0,NULL,NULL),(13,'Christ','ayubmansion@gmail.com','081330598477','Minta tolong tambahkan waktu inap di hotel JW Marriot Bali 1 hari lagi.','2019-07-19 02:11:40',0,'ayubmansion@gmail.com','admin'),(14,'admin','admin',NULL,'siap akan kami proses pak','2019-07-19 02:12:33',0,'admin','ayubmansion@gmail.com'),(15,'Ayub','ayubjdc@gmail.com','089605984680','Request Makan Malam di Seminyak untuk tanggal 01 Juli 2019.','2019-07-19 04:42:41',0,'ayubjdc@gmail.com','admin'),(16,'admin','admin',NULL,'Siap akan kami proses pak. Kami buatkan tagihan dan silahkan lakukan pembayaran untuk requestnya.\r\nTerima kasih','2019-07-19 04:43:39',0,'admin','ayubjdc@gmail.com'),(17,'Ayub','ayubjdc@gmail.com','089605984680','Terima Kasih','2019-07-19 04:43:56',0,'ayubjdc@gmail.com','admin'),(18,'test','test@localhost.com',NULL,'halo mas tes','2019-07-25 05:10:51',0,NULL,NULL);
/*!40000 ALTER TABLE `tbl_inbox` ENABLE KEYS */;
UNLOCK TABLES;

--
-- Table structure for table `tbl_kategori`
--

DROP TABLE IF EXISTS `tbl_kategori`;
/*!40101 SET @saved_cs_client     = @@character_set_client */;
/*!40101 SET character_set_client = utf8 */;
CREATE TABLE `tbl_kategori` (
  `kategori_id` int(11) NOT NULL AUTO_INCREMENT,
  `kategori_nama` varchar(30) DEFAULT NULL,
  `kategori_tanggal` timestamp NULL DEFAULT CURRENT_TIMESTAMP,
  PRIMARY KEY (`kategori_id`)
) ENGINE=InnoDB AUTO_INCREMENT=4 DEFAULT CHARSET=latin1;
/*!40101 SET character_set_client = @saved_cs_client */;

--
-- Dumping data for table `tbl_kategori`
--

LOCK TABLES `tbl_kategori` WRITE;
/*!40000 ALTER TABLE `tbl_kategori` DISABLE KEYS */;
INSERT INTO `tbl_kategori` VALUES (1,'Tour & Travel','2016-09-06 05:49:04'),(2,'Wedding','2016-09-06 05:50:01'),(3,'Prewedding','2016-09-06 05:59:39');
/*!40000 ALTER TABLE `tbl_kategori` ENABLE KEYS */;
UNLOCK TABLES;

--
-- Table structure for table `tbl_komentar`
--

DROP TABLE IF EXISTS `tbl_komentar`;
/*!40101 SET @saved_cs_client     = @@character_set_client */;
/*!40101 SET character_set_client = utf8 */;
CREATE TABLE `tbl_komentar` (
  `komentar_id` int(11) NOT NULL AUTO_INCREMENT,
  `komentar_nama` varchar(30) DEFAULT NULL,
  `komentar_email` varchar(50) DEFAULT NULL,
  `komentar_web` varchar(100) DEFAULT NULL,
  `komentar_isi` varchar(120) DEFAULT NULL,
  `komentar_tanggal` timestamp NULL DEFAULT CURRENT_TIMESTAMP,
  `komentar_status` int(2) DEFAULT '0',
  `komentar_tulisan_id` int(11) DEFAULT NULL,
  `komentar_parent` int(11) DEFAULT '0',
  PRIMARY KEY (`komentar_id`),
  KEY `komentar_tulisan_id` (`komentar_tulisan_id`)
) ENGINE=InnoDB AUTO_INCREMENT=9 DEFAULT CHARSET=latin1;
/*!40101 SET character_set_client = @saved_cs_client */;

--
-- Dumping data for table `tbl_komentar`
--

LOCK TABLES `tbl_komentar` WRITE;
/*!40000 ALTER TABLE `tbl_komentar` DISABLE KEYS */;
INSERT INTO `tbl_komentar` VALUES (1,'M Fikri Setiadi','setiadi@mfikri.com','mfikri.com','Ping!','2017-07-19 01:33:07',1,20,0),(4,'M Fikri Setiadi','setiadi@mfikri.com','mfikri.com','Nice Post :)','2017-07-19 01:43:39',1,20,0),(5,'M Fikri Setiadi','setiadi@mfikri.com','mfikri.com','[removed]alert&amp;#40;No Found !&amp;#41;;[removed]','2017-07-19 01:35:28',0,20,2),(6,'Jokowi','joko@gmail.com','','Ping !','2017-07-19 02:48:24',0,20,2),(7,'M Fikri Setiadi',NULL,NULL,'Can I help you?','2017-08-03 15:11:21',1,20,1),(8,'M Fikri Setiadi',NULL,NULL,'Thank you.','2017-08-03 15:27:56',1,20,4);
/*!40000 ALTER TABLE `tbl_komentar` ENABLE KEYS */;
UNLOCK TABLES;

--
-- Table structure for table `tbl_log_aktivitas`
--

DROP TABLE IF EXISTS `tbl_log_aktivitas`;
/*!40101 SET @saved_cs_client     = @@character_set_client */;
/*!40101 SET character_set_client = utf8 */;
CREATE TABLE `tbl_log_aktivitas` (
  `log_id` int(11) NOT NULL AUTO_INCREMENT,
  `log_nama` text,
  `log_tanggal` timestamp NULL DEFAULT CURRENT_TIMESTAMP,
  `log_ip` varchar(20) DEFAULT NULL,
  `log_pengguna_id` int(11) DEFAULT NULL,
  `log_icon` blob,
  `log_jenis_icon` varchar(50) DEFAULT NULL,
  PRIMARY KEY (`log_id`),
  KEY `log_pengguna_id` (`log_pengguna_id`)
) ENGINE=InnoDB DEFAULT CHARSET=latin1;
/*!40101 SET character_set_client = @saved_cs_client */;

--
-- Dumping data for table `tbl_log_aktivitas`
--

LOCK TABLES `tbl_log_aktivitas` WRITE;
/*!40000 ALTER TABLE `tbl_log_aktivitas` DISABLE KEYS */;
/*!40000 ALTER TABLE `tbl_log_aktivitas` ENABLE KEYS */;
UNLOCK TABLES;

--
-- Table structure for table `tbl_pengguna`
--

DROP TABLE IF EXISTS `tbl_pengguna`;
/*!40101 SET @saved_cs_client     = @@character_set_client */;
/*!40101 SET character_set_client = utf8 */;
CREATE TABLE `tbl_pengguna` (
  `pengguna_id` int(11) NOT NULL AUTO_INCREMENT,
  `pengguna_nama` varchar(50) DEFAULT NULL,
  `pengguna_moto` varchar(100) DEFAULT NULL,
  `pengguna_jenkel` varchar(2) DEFAULT NULL,
  `pengguna_username` varchar(30) DEFAULT NULL,
  `pengguna_password` varchar(35) DEFAULT NULL,
  `pengguna_tentang` text,
  `pengguna_email` varchar(50) DEFAULT NULL,
  `pengguna_nohp` varchar(20) DEFAULT NULL,
  `pengguna_facebook` varchar(35) DEFAULT NULL,
  `pengguna_twitter` varchar(35) DEFAULT NULL,
  `pengguna_linkdin` varchar(35) DEFAULT NULL,
  `pengguna_google_plus` varchar(35) DEFAULT NULL,
  `pengguna_status` int(2) DEFAULT '1',
  `pengguna_level` varchar(3) DEFAULT NULL,
  `pengguna_register` timestamp NULL DEFAULT CURRENT_TIMESTAMP,
  `pengguna_photo` varchar(40) DEFAULT NULL,
  `idcustomer` int(11) DEFAULT NULL,
  PRIMARY KEY (`pengguna_id`)
) ENGINE=InnoDB AUTO_INCREMENT=3 DEFAULT CHARSET=latin1;
/*!40101 SET character_set_client = @saved_cs_client */;

--
-- Dumping data for table `tbl_pengguna`
--

LOCK TABLES `tbl_pengguna` WRITE;
/*!40000 ALTER TABLE `tbl_pengguna` DISABLE KEYS */;
INSERT INTO `tbl_pengguna` VALUES (1,'Administrator','Just do it','L','admin','e10adc3949ba59abbe56e057f20f883e','-','fikrifiver97@gmail.com','081277159401','facebook.com/m_fikri_setiadi','twitter.com/fiver_fiver','','',1,'1','2016-09-03 06:07:55','0f050fb938257f539cc72fffd9c5777a.jpg',NULL),(2,'Ayub',NULL,'L','ayub','21232f297a57a5a743894a0e4a801fc3',NULL,'ayubmansion@gmail.com','089605984680',NULL,NULL,NULL,NULL,1,'1','2019-07-17 04:18:33','066029082fa2ff2a2a1b074defe5ccc6.jpg',NULL);
/*!40000 ALTER TABLE `tbl_pengguna` ENABLE KEYS */;
UNLOCK TABLES;

--
-- Table structure for table `tbl_pengunjung`
--

DROP TABLE IF EXISTS `tbl_pengunjung`;
/*!40101 SET @saved_cs_client     = @@character_set_client */;
/*!40101 SET character_set_client = utf8 */;
CREATE TABLE `tbl_pengunjung` (
  `pengunjung_id` int(11) NOT NULL AUTO_INCREMENT,
  `pengunjung_tanggal` timestamp NULL DEFAULT CURRENT_TIMESTAMP,
  `pengunjung_ip` varchar(40) DEFAULT NULL,
  `pengunjung_perangkat` varchar(100) DEFAULT NULL,
  PRIMARY KEY (`pengunjung_id`)
) ENGINE=InnoDB AUTO_INCREMENT=1029 DEFAULT CHARSET=latin1;
/*!40101 SET character_set_client = @saved_cs_client */;

--
-- Dumping data for table `tbl_pengunjung`
--

LOCK TABLES `tbl_pengunjung` WRITE;
/*!40000 ALTER TABLE `tbl_pengunjung` DISABLE KEYS */;
INSERT INTO `tbl_pengunjung` VALUES (1,'2016-08-11 23:52:20','127.0.0.1','Firefox'),(2,'2016-08-12 17:14:20','127.0.0.1','Firefox'),(3,'2016-08-13 05:23:19','127.0.0.1','Firefox'),(4,'2016-08-13 05:27:05','127.0.0.1','Firefox'),(5,'2016-08-13 05:27:37','127.0.0.1','Firefox'),(6,'2016-08-13 06:54:58','127.0.0.1','Firefox'),(7,'2016-08-13 06:55:59','127.0.0.1','Firefox'),(8,'2016-08-13 07:00:06','127.0.0.1','Firefox'),(9,'2016-08-13 07:00:34','127.0.0.1','Firefox'),(10,'2016-09-18 20:24:39','127.0.0.1','Firefox'),(11,'2016-09-18 20:24:43','127.0.0.1','Firefox'),(12,'2016-09-18 20:24:43','127.0.0.1','Firefox'),(13,'2016-09-18 20:24:43','127.0.0.1','Firefox'),(14,'2016-09-18 20:24:43','127.0.0.1','Firefox'),(15,'2016-09-18 20:24:43','127.0.0.1','Firefox'),(16,'2016-09-18 20:24:43','127.0.0.1','Firefox'),(17,'2016-09-18 20:24:43','127.0.0.1','Firefox'),(18,'2016-09-18 20:24:43','127.0.0.1','Firefox'),(19,'2016-09-18 20:24:43','127.0.0.1','Firefox'),(20,'2016-09-18 20:24:43','127.0.0.1','Firefox'),(21,'2016-09-18 20:24:43','127.0.0.1','Firefox'),(22,'2016-09-18 20:24:43','127.0.0.1','Firefox'),(23,'2016-09-18 20:24:43','127.0.0.1','Firefox'),(24,'2017-02-04 18:06:52','::1','Chrome'),(25,'2017-02-04 18:07:16','127.0.0.1','Firefox'),(26,'2017-02-04 18:08:31','::1','Chrome'),(27,'2017-02-05 19:33:14','::1','Chrome'),(28,'2017-02-05 20:20:59','127.0.0.1','Firefox'),(29,'2017-02-06 18:21:08','::1','Chrome'),(30,'2017-02-09 01:07:51','::1','Chrome'),(31,'2017-02-10 20:12:05','::1','Chrome'),(32,'2017-02-20 20:46:21','::1','Chrome'),(33,'2017-02-22 04:04:16','::1','Chrome'),(34,'2017-02-27 18:47:25','::1','Chrome'),(35,'2017-03-02 06:09:25','::1','Chrome'),(36,'2017-03-04 08:18:51','::1','Chrome'),(37,'2017-03-12 20:40:32','::1','Chrome'),(38,'2017-03-13 20:34:32','::1','Chrome'),(39,'2017-03-23 04:08:15','::1','Firefox'),(40,'2017-03-25 09:39:02','::1','Firefox'),(41,'2017-03-25 10:16:45','::1','Firefox'),(42,'2017-03-28 14:11:23','::1','Firefox'),(43,'2017-03-29 22:39:17','::1','Firefox'),(44,'2017-03-30 10:52:11','::1','Firefox'),(45,'2017-03-31 22:48:46','::1','Firefox'),(46,'2017-04-06 22:33:58','::1','Firefox'),(47,'2017-04-08 00:25:37','::1','Firefox'),(48,'2017-04-08 10:00:14','::1','Firefox'),(49,'2017-04-09 10:06:03','::1','Firefox'),(50,'2017-04-10 12:20:50','::1','Firefox'),(51,'2017-04-11 11:46:50','117.102.64.98','Chrome'),(52,'2017-04-11 11:46:57','125.165.129.35','Firefox'),(53,'2017-04-11 12:52:18','69.171.225.46','Other'),(54,'2017-04-11 12:54:33','69.171.225.12','Other'),(55,'2017-04-11 12:55:04','69.171.225.21','Other'),(56,'2017-04-11 12:55:18','69.171.225.18','Other'),(57,'2017-04-11 13:03:44','36.83.246.250','Chrome'),(58,'2017-04-11 13:05:55','202.62.17.121','Chrome'),(59,'2017-04-11 13:06:45','106.187.46.205','Chrome'),(60,'2017-04-11 13:06:47','173.252.98.28','Other'),(61,'2017-04-11 13:10:36','107.167.103.241','Opera'),(62,'2017-04-11 13:16:14','202.67.41.244','Chrome'),(63,'2017-04-11 13:18:24','36.72.192.194','Chrome'),(64,'2017-04-11 13:19:40','112.215.175.62','Chrome'),(65,'2017-04-11 13:20:09','173.252.102.112','Other'),(66,'2017-04-11 13:20:17','112.215.154.56','Firefox'),(67,'2017-04-11 13:20:26','158.140.170.23','Chrome'),(68,'2017-04-11 13:22:33','36.81.37.52','Chrome'),(69,'2017-04-11 13:23:14','120.188.65.243','Chrome'),(70,'2017-04-11 13:26:16','124.153.33.11','Chrome'),(71,'2017-04-11 13:26:21','112.215.172.240','Chrome'),(72,'2017-04-11 13:27:34','132.255.240.27','Chrome'),(73,'2017-04-11 13:28:22','103.213.131.147','Chrome'),(74,'2017-04-11 13:29:38','36.84.225.114','Chrome'),(75,'2017-04-11 13:29:45','180.253.158.87','Chrome'),(76,'2017-04-11 13:33:35','173.252.84.52','Other'),(77,'2017-04-11 13:34:51','202.67.35.20','Chrome'),(78,'2017-04-11 13:37:02','202.67.40.210','Chrome'),(79,'2017-04-11 13:39:43','120.188.76.26','Chrome'),(80,'2017-04-11 13:41:05','173.252.123.186','Other'),(81,'2017-04-11 13:45:29','110.139.8.41','Mozilla'),(82,'2017-04-11 13:53:12','202.80.216.219','Chrome'),(83,'2017-04-11 13:55:16','223.255.230.13','Safari'),(84,'2017-04-11 13:55:38','36.78.69.101','Chrome'),(85,'2017-04-11 14:02:53','180.251.173.137','Chrome'),(86,'2017-04-11 14:03:05','125.161.185.216','Chrome'),(87,'2017-04-11 14:16:22','139.192.226.49','Chrome'),(88,'2017-04-11 14:18:10','107.167.112.88','Opera'),(89,'2017-04-11 14:18:13','180.247.26.15','Chrome'),(90,'2017-04-11 14:20:04','204.44.65.210','Internet Explorer'),(91,'2017-04-11 14:22:58','36.78.96.198','Chrome'),(92,'2017-04-11 14:23:40','138.197.192.28','Chrome'),(93,'2017-04-11 14:24:07','112.215.151.61','Chrome'),(94,'2017-04-11 14:25:46','202.51.104.154','Chrome'),(95,'2017-04-11 14:32:42','202.67.44.7','Firefox'),(96,'2017-04-11 14:36:53','118.136.122.84','Chrome'),(97,'2017-04-11 14:39:25','61.247.21.51','Chrome'),(98,'2017-04-11 14:41:38','114.124.180.250','Chrome'),(99,'2017-04-11 14:41:55','120.188.64.226','Chrome'),(100,'2017-04-11 14:43:14','180.247.204.243','Chrome'),(101,'2017-04-11 14:44:48','125.161.179.203','Chrome'),(102,'2017-04-11 14:46:06','114.125.55.58','Chrome'),(103,'2017-04-11 14:50:14','158.140.182.11','Chrome'),(104,'2017-04-11 14:54:09','202.67.33.22','Chrome'),(105,'2017-04-11 14:58:44','120.188.65.30','Chrome'),(106,'2017-04-11 14:59:55','120.188.77.153','Chrome'),(107,'2017-04-11 15:02:32','125.167.185.147','Mozilla'),(108,'2017-04-11 15:04:23','118.136.84.45','Chrome'),(109,'2017-04-11 15:04:41','110.136.129.138','Chrome'),(110,'2017-04-11 15:04:52','36.75.108.223','Chrome'),(111,'2017-04-11 15:05:46','36.72.38.146','Chrome'),(112,'2017-04-11 15:06:31','120.188.5.85','Chrome'),(113,'2017-04-11 15:09:53','180.253.90.210','Chrome'),(114,'2017-04-11 15:12:18','107.167.99.179','Opera'),(115,'2017-04-11 15:12:49','112.215.171.165','Chrome'),(116,'2017-04-11 15:14:55','203.166.201.206','Chrome'),(117,'2017-04-11 15:15:21','107.167.99.208','Opera'),(118,'2017-04-11 15:15:25','36.73.194.145','Mozilla'),(119,'2017-04-11 15:16:25','107.167.113.164','Opera'),(120,'2017-04-11 15:16:42','120.92.32.177','Chrome'),(121,'2017-04-11 15:17:23','180.245.132.122','Chrome'),(122,'2017-04-11 15:17:56','120.188.80.236','Chrome'),(123,'2017-04-11 15:17:57','114.125.89.57','Chrome'),(124,'2017-04-11 15:18:01','139.0.186.187','Chrome'),(125,'2017-04-11 15:18:25','125.166.215.131','Chrome'),(126,'2017-04-11 15:18:29','120.188.6.216','Mozilla'),(127,'2017-04-11 15:19:06','125.161.98.148','Chrome'),(128,'2017-04-11 15:20:10','36.73.9.148','Chrome'),(129,'2017-04-11 15:20:15','114.125.182.65','Chrome'),(130,'2017-04-11 15:21:07','114.125.40.100','Chrome'),(131,'2017-04-11 15:21:45','120.188.86.219','Chrome'),(132,'2017-04-11 15:22:35','118.136.103.194','Mozilla'),(133,'2017-04-11 15:23:47','36.81.10.230','Chrome'),(134,'2017-04-11 15:23:47','114.125.164.4','Chrome'),(135,'2017-04-11 15:24:28','107.167.112.218','Chrome'),(136,'2017-04-11 15:24:50','107.167.98.132','Opera'),(137,'2017-04-11 15:25:44','180.246.19.210','Chrome'),(138,'2017-04-11 15:26:12','120.188.1.85','Chrome'),(139,'2017-04-11 15:27:50','139.195.66.235','Chrome'),(140,'2017-04-11 15:28:06','115.178.198.211','Chrome'),(141,'2017-04-11 15:28:17','115.178.235.88','Chrome'),(142,'2017-04-11 15:28:49','36.84.87.138','Mozilla'),(143,'2017-04-11 15:29:05','114.121.232.136','Chrome'),(144,'2017-04-11 15:29:23','118.96.227.216','Chrome'),(145,'2017-04-11 15:29:45','36.68.184.231','Mozilla'),(146,'2017-04-11 15:30:18','120.188.3.198','Chrome'),(147,'2017-04-11 15:32:44','61.94.133.70','Chrome'),(148,'2017-04-11 15:32:44','8.37.235.44','Safari'),(149,'2017-04-11 15:33:19','110.136.254.232','Chrome'),(150,'2017-04-11 15:34:17','36.83.28.90','Chrome'),(151,'2017-04-11 15:34:25','120.188.80.239','Chrome'),(152,'2017-04-11 15:34:50','114.125.72.8','Chrome'),(153,'2017-04-11 15:34:59','180.247.33.166','Safari'),(154,'2017-04-11 15:35:10','180.214.232.22','Chrome'),(155,'2017-04-11 15:35:47','61.5.92.125','Chrome'),(156,'2017-04-11 15:36:22','36.69.222.51','Chrome'),(157,'2017-04-11 15:36:24','182.253.139.130','Chrome'),(158,'2017-04-11 15:36:36','120.188.86.170','Chrome'),(159,'2017-04-11 15:36:56','139.228.97.115','Chrome'),(160,'2017-04-11 15:37:18','36.67.61.15','Chrome'),(161,'2017-04-11 15:37:20','114.4.78.184','Chrome'),(162,'2017-04-11 15:38:09','202.67.40.221','Chrome'),(163,'2017-04-11 15:39:03','112.215.172.66','Chrome'),(164,'2017-04-11 15:39:11','36.74.207.97','Chrome'),(165,'2017-04-11 15:39:36','64.233.173.4','Chrome'),(166,'2017-04-11 15:40:07','36.84.136.234','Chrome'),(167,'2017-04-11 15:41:24','202.62.16.49','Chrome'),(168,'2017-04-11 15:41:28','125.167.120.95','Chrome'),(169,'2017-04-11 15:41:46','168.235.207.168','Firefox'),(170,'2017-04-11 15:41:52','120.188.64.235','Chrome'),(171,'2017-04-11 15:42:10','120.188.81.204','Chrome'),(172,'2017-04-11 15:42:26','125.162.245.169','Chrome'),(173,'2017-04-11 15:43:20','180.242.10.170','Chrome'),(174,'2017-04-11 15:44:03','64.233.173.6','Chrome'),(175,'2017-04-11 15:44:11','112.215.174.87','Chrome'),(176,'2017-04-11 15:44:37','36.71.46.157','Chrome'),(177,'2017-04-11 15:45:07','103.56.235.74','Chrome'),(178,'2017-04-11 15:45:18','120.188.66.124','Chrome'),(179,'2017-04-11 15:45:25','69.171.225.33','Other'),(180,'2017-04-11 15:46:14','114.125.202.40','Chrome'),(181,'2017-04-11 15:46:45','120.188.87.93','Chrome'),(182,'2017-04-11 15:46:46','118.136.85.176','Chrome'),(183,'2017-04-11 15:46:51','64.233.173.8','Chrome'),(184,'2017-04-11 15:47:32','36.79.200.132','Chrome'),(185,'2017-04-11 15:48:01','120.188.35.53','Chrome'),(186,'2017-04-11 15:49:39','110.138.153.190','Chrome'),(187,'2017-04-11 15:49:44','114.125.73.228','Chrome'),(188,'2017-04-11 15:49:52','36.81.119.196','Chrome'),(189,'2017-04-11 15:50:22','120.188.65.140','Chrome'),(190,'2017-04-11 15:51:05','125.161.188.27','Chrome'),(191,'2017-04-11 15:51:23','124.40.251.74','Firefox'),(192,'2017-04-11 15:51:31','139.228.108.66','Chrome'),(193,'2017-04-11 15:51:33','180.254.57.164','Chrome'),(194,'2017-04-11 15:53:07','180.247.95.40','Chrome'),(195,'2017-04-11 15:53:20','103.205.56.66','Chrome'),(196,'2017-04-11 15:53:20','103.56.232.196','Chrome'),(197,'2017-04-11 15:53:52','180.241.167.242','Chrome'),(198,'2017-04-11 15:53:54','112.215.171.106','Chrome'),(199,'2017-04-11 15:55:12','114.125.214.65','Chrome'),(200,'2017-04-11 15:55:40','36.71.48.50','Firefox'),(201,'2017-04-11 15:57:12','103.9.227.1','Chrome'),(202,'2017-04-11 15:57:16','202.62.17.134','Chrome'),(203,'2017-04-11 15:57:40','36.74.110.84','Chrome'),(204,'2017-04-11 15:57:54','112.215.173.135','Chrome'),(205,'2017-04-11 15:58:17','36.80.43.86','Chrome'),(206,'2017-04-11 15:59:04','45.76.207.98','Chrome'),(207,'2017-04-11 15:59:23','180.214.233.30','Chrome'),(208,'2017-04-11 15:59:28','36.78.97.242','Mozilla'),(209,'2017-04-11 15:59:58','61.94.220.130','Chrome'),(210,'2017-04-11 16:00:03','8.37.230.63','Safari'),(211,'2017-04-11 16:00:20','125.162.99.169','Chrome'),(212,'2017-04-11 16:00:31','223.255.227.25','Chrome'),(213,'2017-04-11 16:01:07','114.121.244.144','Chrome'),(214,'2017-04-11 16:01:24','114.125.214.143','Chrome'),(215,'2017-04-11 16:01:43','8.37.235.230','Safari'),(216,'2017-04-11 16:01:49','120.188.86.129','Chrome'),(217,'2017-04-11 16:02:10','120.188.74.41','Chrome'),(218,'2017-04-11 16:02:25','115.178.239.193','Chrome'),(219,'2017-04-11 16:02:49','202.67.46.8','Chrome'),(220,'2017-04-11 16:02:56','36.80.211.28','Chrome'),(221,'2017-04-11 16:03:54','139.195.162.58','Chrome'),(222,'2017-04-11 16:04:16','202.154.180.10','Chrome'),(223,'2017-04-11 16:04:34','114.125.184.7','Chrome'),(224,'2017-04-11 16:05:01','120.188.85.253','Chrome'),(225,'2017-04-11 16:05:32','139.195.209.21','Chrome'),(226,'2017-04-11 16:05:57','120.188.33.114','Chrome'),(227,'2017-04-11 16:06:03','8.37.233.52','Safari'),(228,'2017-04-11 16:06:09','36.79.130.99','Chrome'),(229,'2017-04-11 16:06:21','36.74.24.2','Chrome'),(230,'2017-04-11 16:06:43','114.125.186.131','Chrome'),(231,'2017-04-11 16:06:45','202.62.17.197','Chrome'),(232,'2017-04-11 16:07:31','118.96.232.253','Chrome'),(233,'2017-04-11 16:08:05','36.79.188.51','Chrome'),(234,'2017-04-11 16:08:13','36.74.122.45','Chrome'),(235,'2017-04-11 16:08:23','36.84.110.69','Chrome'),(236,'2017-04-11 16:08:23','112.215.172.153','Chrome'),(237,'2017-04-11 16:08:37','36.82.30.206','Chrome'),(238,'2017-04-11 16:09:03','180.214.232.2','Chrome'),(239,'2017-04-11 16:09:38','107.167.112.128','Opera'),(240,'2017-04-11 16:09:40','36.70.178.105','Chrome'),(241,'2017-04-11 16:09:55','139.195.130.19','Chrome'),(242,'2017-04-11 16:10:31','114.125.57.214','Chrome'),(243,'2017-04-11 16:10:41','120.188.85.184','Chrome'),(244,'2017-04-11 16:10:52','125.163.107.41','Firefox'),(245,'2017-04-11 16:11:15','114.125.41.144','Chrome'),(246,'2017-04-11 16:11:21','61.94.103.59','Chrome'),(247,'2017-04-11 16:12:08','36.76.30.210','Chrome'),(248,'2017-04-11 16:12:26','36.73.134.193','Chrome'),(249,'2017-04-11 16:12:31','112.215.173.16','Chrome'),(250,'2017-04-11 16:13:18','120.188.92.195','Chrome'),(251,'2017-04-11 16:13:20','125.163.92.209','Chrome'),(252,'2017-04-11 16:14:19','182.253.142.24','Chrome'),(253,'2017-04-11 16:14:28','120.188.86.148','Chrome'),(254,'2017-04-11 16:14:56','182.253.163.61','Chrome'),(255,'2017-04-11 16:16:02','36.74.148.31','Chrome'),(256,'2017-04-11 16:16:57','8.37.233.156','Safari'),(257,'2017-04-11 16:17:04','114.125.56.121','Firefox'),(258,'2017-04-11 16:17:12','158.140.165.20','Chrome'),(259,'2017-04-11 16:17:17','125.164.97.226','Chrome'),(260,'2017-04-11 16:17:18','120.188.92.249','Chrome'),(261,'2017-04-11 16:17:26','118.137.208.31','Chrome'),(262,'2017-04-11 16:17:30','180.244.71.107','Chrome'),(263,'2017-04-11 16:17:37','120.188.87.220','Chrome'),(264,'2017-04-11 16:17:57','112.215.172.199','Safari'),(265,'2017-04-11 16:18:23','110.138.44.236','Chrome'),(266,'2017-04-11 16:18:35','168.235.195.254','Safari'),(267,'2017-04-11 16:18:40','180.245.98.188','Chrome'),(268,'2017-04-11 16:18:58','114.125.183.102','Chrome'),(269,'2017-04-11 16:19:18','125.164.38.13','Chrome'),(270,'2017-04-11 16:19:27','114.121.239.102','Chrome'),(271,'2017-04-11 16:20:03','168.235.206.137','Safari'),(272,'2017-04-11 16:20:32','202.80.213.87','Chrome'),(273,'2017-04-11 16:21:18','180.246.73.3','Chrome'),(274,'2017-04-11 16:22:02','36.75.32.145','Mozilla'),(275,'2017-04-11 16:22:04','112.215.154.115','Chrome'),(276,'2017-04-11 16:22:09','36.73.96.185','Mozilla'),(277,'2017-04-11 16:22:38','8.37.232.215','Safari'),(278,'2017-04-11 16:22:53','36.68.233.0','Chrome'),(279,'2017-04-11 16:23:08','36.84.224.73','Chrome'),(280,'2017-04-11 16:23:29','66.220.151.86','Other'),(281,'2017-04-11 16:24:01','120.188.75.121','Chrome'),(282,'2017-04-11 16:24:19','207.241.226.233','Mozilla'),(283,'2017-04-11 16:24:35','36.73.181.116','Chrome'),(284,'2017-04-11 16:25:38','198.186.192.44','Other'),(285,'2017-04-11 16:25:56','114.4.78.117','Chrome'),(286,'2017-04-11 16:26:38','36.72.95.85','Firefox'),(287,'2017-04-11 16:27:26','120.188.81.107','Chrome'),(288,'2017-04-11 16:28:19','114.124.149.112','Chrome'),(289,'2017-04-11 16:28:29','114.125.205.41','Chrome'),(290,'2017-04-11 16:28:54','125.163.78.202','Chrome'),(291,'2017-04-11 16:29:17','114.125.52.130','Firefox'),(292,'2017-04-11 16:29:45','114.4.78.150','Chrome'),(293,'2017-04-11 16:29:47','114.121.156.129','Chrome'),(294,'2017-04-11 16:29:51','112.215.172.8','Chrome'),(295,'2017-04-11 16:30:30','114.125.166.163','Chrome'),(296,'2017-04-11 16:30:35','139.195.187.141','Chrome'),(297,'2017-04-11 16:30:53','36.72.21.12','Chrome'),(298,'2017-04-11 16:32:34','8.37.225.108','Firefox'),(299,'2017-04-11 16:32:39','180.248.6.118','Chrome'),(300,'2017-04-11 16:33:44','8.37.233.95','Safari'),(301,'2017-04-11 16:34:16','120.188.80.6','Safari'),(302,'2017-04-11 16:34:52','211.227.156.112','Chrome'),(303,'2017-04-11 16:34:54','125.167.187.126','Chrome'),(304,'2017-04-11 16:35:32','107.167.112.72','Chrome'),(305,'2017-04-11 16:35:57','112.215.152.98','Mozilla'),(306,'2017-04-11 16:36:06','180.251.167.150','Chrome'),(307,'2017-04-11 16:36:27','36.82.76.215','Chrome'),(308,'2017-04-11 16:37:45','168.235.206.238','Safari'),(309,'2017-04-11 16:38:09','124.153.33.39','Chrome'),(310,'2017-04-11 16:38:39','168.235.197.19','Firefox'),(311,'2017-04-11 16:38:44','36.73.87.46','Chrome'),(312,'2017-04-11 16:38:45','188.166.218.174','Firefox'),(313,'2017-04-11 16:39:03','36.78.54.201','Firefox'),(314,'2017-04-11 16:39:24','139.228.95.10','Chrome'),(315,'2017-04-11 16:39:24','120.188.80.114','Chrome'),(316,'2017-04-11 16:39:35','182.253.203.58','Chrome'),(317,'2017-04-11 16:39:54','36.78.66.34','Chrome'),(318,'2017-04-11 16:40:56','120.188.79.185','Mozilla'),(319,'2017-04-11 16:41:35','118.96.235.203','Chrome'),(320,'2017-04-11 16:41:44','180.253.236.103','Chrome'),(321,'2017-04-11 16:43:18','125.161.188.207','Chrome'),(322,'2017-04-11 16:44:08','36.66.72.178','Chrome'),(323,'2017-04-11 16:44:16','36.84.13.131','Chrome'),(324,'2017-04-11 16:44:46','112.215.45.240','Firefox'),(325,'2017-04-11 16:45:01','49.182.76.246','Chrome'),(326,'2017-04-11 16:45:09','180.247.77.200','Chrome'),(327,'2017-04-11 16:45:19','36.88.158.84','Chrome'),(328,'2017-04-11 16:45:38','202.62.17.12','Chrome'),(329,'2017-04-11 16:46:05','182.253.163.51','Firefox'),(330,'2017-04-11 16:46:11','139.195.94.117','Chrome'),(331,'2017-04-11 16:46:41','114.4.83.68','Chrome'),(332,'2017-04-11 16:47:30','114.125.37.46','Safari'),(333,'2017-04-11 16:47:32','173.252.74.105','Other'),(334,'2017-04-11 16:49:04','112.215.200.30','Chrome'),(335,'2017-04-11 16:50:22','120.188.81.20','Chrome'),(336,'2017-04-11 16:50:32','120.188.33.140','Chrome'),(337,'2017-04-11 16:51:06','114.4.79.120','Chrome'),(338,'2017-04-11 16:51:27','139.194.221.74','Chrome'),(339,'2017-04-11 16:51:29','120.188.87.99','Firefox'),(340,'2017-04-11 16:51:48','36.73.62.30','Chrome'),(341,'2017-04-11 16:51:53','112.215.45.120','Firefox'),(342,'2017-04-11 16:51:54','112.215.153.184','Safari'),(343,'2017-04-11 16:51:59','36.78.67.111','Chrome'),(344,'2017-04-11 16:52:31','120.188.80.165','Chrome'),(345,'2017-04-11 16:52:37','61.94.100.166','Chrome'),(346,'2017-04-11 16:52:48','180.252.168.2','Chrome'),(347,'2017-04-11 16:52:50','36.84.64.22','Chrome'),(348,'2017-04-11 16:52:56','198.144.107.187','Chrome'),(349,'2017-04-11 16:53:42','120.188.80.158','Chrome'),(350,'2017-04-11 16:54:47','180.244.55.126','Chrome'),(351,'2017-04-11 16:55:18','107.167.112.118','Opera'),(352,'2017-04-11 16:55:43','36.73.63.156','Chrome'),(353,'2017-04-11 16:56:44','125.167.92.123','Safari'),(354,'2017-04-11 16:58:15','180.247.136.78','Chrome'),(355,'2017-04-11 16:59:23','114.124.148.228','Chrome'),(356,'2017-04-11 16:59:44','120.188.80.220','Chrome'),(357,'2017-04-11 16:59:50','180.248.179.126','Chrome'),(358,'2017-04-11 17:00:03','36.78.194.86','Chrome'),(359,'2017-04-11 17:00:12','202.67.46.46','Chrome'),(360,'2017-04-11 17:00:34','113.210.202.42','Chrome'),(361,'2017-04-11 17:01:47','114.120.233.30','Chrome'),(362,'2017-04-11 17:02:34','202.182.55.230','Chrome'),(363,'2017-04-11 17:02:44','180.244.73.72','Chrome'),(364,'2017-04-11 17:03:16','49.213.16.227','Chrome'),(365,'2017-04-11 17:04:03','36.73.177.201','Chrome'),(366,'2017-04-11 17:04:12','112.215.152.124','Chrome'),(367,'2017-04-11 17:08:38','120.188.0.47','Chrome'),(368,'2017-04-11 17:09:43','36.84.58.187','Chrome'),(369,'2017-04-11 17:12:18','111.94.229.133','Chrome'),(370,'2017-04-11 17:12:31','118.136.18.255','Chrome'),(371,'2017-04-11 17:13:11','36.74.212.125','Chrome'),(372,'2017-04-11 17:13:20','103.206.245.142','Chrome'),(373,'2017-04-11 17:14:21','36.71.129.27','Chrome'),(374,'2017-04-11 17:18:44','180.252.123.165','Chrome'),(375,'2017-04-11 17:19:01','180.253.138.223','Chrome'),(376,'2017-04-11 17:19:11','66.249.79.83','Googlebot'),(377,'2017-04-11 17:19:27','36.80.242.230','Chrome'),(378,'2017-04-11 17:19:54','223.255.231.154','Chrome'),(379,'2017-04-11 17:19:55','114.125.200.74','Chrome'),(380,'2017-04-11 17:21:24','66.249.79.78','Googlebot'),(381,'2017-04-11 17:21:45','114.4.83.180','Mozilla'),(382,'2017-04-11 17:23:55','139.192.11.235','Chrome'),(383,'2017-04-11 17:24:10','125.160.66.244','Firefox'),(384,'2017-04-11 17:24:17','112.215.170.139','Chrome'),(385,'2017-04-11 17:25:01','112.215.153.158','Safari'),(386,'2017-04-11 17:25:29','110.139.187.176','Chrome'),(387,'2017-04-11 17:25:38','111.94.122.151','Chrome'),(388,'2017-04-11 17:25:46','112.215.153.252','Chrome'),(389,'2017-04-11 17:27:24','112.215.170.48','Chrome'),(390,'2017-04-11 17:28:36','125.160.51.241','Chrome'),(391,'2017-04-11 17:29:53','66.249.79.85','Googlebot'),(392,'2017-04-11 17:30:04','120.188.83.178','Chrome'),(393,'2017-04-11 17:30:26','112.215.170.170','Chrome'),(394,'2017-04-11 17:30:27','139.228.17.159','Chrome'),(395,'2017-04-11 17:30:32','107.167.112.5','Opera'),(396,'2017-04-11 17:31:33','180.249.17.245','Chrome'),(397,'2017-04-11 17:31:38','182.253.163.14','Chrome'),(398,'2017-04-11 17:32:08','202.80.215.217','Chrome'),(399,'2017-04-11 17:32:45','120.188.95.126','Chrome'),(400,'2017-04-11 17:32:55','118.136.247.154','Firefox'),(401,'2017-04-11 17:33:04','66.102.6.211','Chrome'),(402,'2017-04-11 17:33:04','66.102.6.207','Chrome'),(403,'2017-04-11 17:33:05','66.102.6.209','Chrome'),(404,'2017-04-11 17:34:10','36.84.9.122','Firefox'),(405,'2017-04-11 17:34:34','120.188.94.195','Chrome'),(406,'2017-04-11 17:34:55','36.84.2.91','Chrome'),(407,'2017-04-11 17:35:12','125.164.16.170','Chrome'),(408,'2017-04-11 17:35:35','125.164.15.224','Chrome'),(409,'2017-04-11 17:36:04','114.125.70.243','Chrome'),(410,'2017-04-11 17:36:29','180.241.222.250','Chrome'),(411,'2017-04-11 17:36:55','112.215.44.57','Safari'),(412,'2017-04-11 17:39:53','114.4.82.125','Chrome'),(413,'2017-04-11 17:39:58','120.188.5.175','Chrome'),(414,'2017-04-11 17:40:27','103.233.157.202','Chrome'),(415,'2017-04-11 17:44:13','37.34.62.205','Other'),(416,'2017-04-11 17:45:37','120.188.32.191','Chrome'),(417,'2017-04-11 17:46:53','168.235.198.107','Safari'),(418,'2017-04-11 17:47:00','36.84.0.75','Chrome'),(419,'2017-04-11 17:47:43','182.253.163.7','Chrome'),(420,'2017-04-11 17:47:49','36.68.52.209','Safari'),(421,'2017-04-11 17:48:03','103.47.132.52','Chrome'),(422,'2017-04-11 17:49:58','36.66.211.11','Chrome'),(423,'2017-04-11 17:50:12','112.215.171.166','Chrome'),(424,'2017-04-11 17:51:49','103.4.167.243','Chrome'),(425,'2017-04-11 17:51:51','120.188.85.6','Chrome'),(426,'2017-04-11 17:52:02','120.188.81.83','Chrome'),(427,'2017-04-11 17:52:52','120.188.83.233','Chrome'),(428,'2017-04-11 17:53:37','125.165.48.195','Firefox'),(429,'2017-04-11 17:54:20','203.130.236.249','Chrome'),(430,'2017-04-11 17:54:28','115.178.238.196','Mozilla'),(431,'2017-04-11 17:54:49','202.179.189.74','Mozilla'),(432,'2017-04-11 17:56:50','182.253.62.114','Chrome'),(433,'2017-04-11 17:57:37','112.215.154.28','Chrome'),(434,'2017-04-11 17:57:53','110.137.169.204','Chrome'),(435,'2017-04-11 17:57:56','223.255.227.26','Chrome'),(436,'2017-04-11 17:58:01','112.215.63.20','Chrome'),(437,'2017-04-11 17:58:46','139.194.53.216','Chrome'),(438,'2017-04-11 17:59:15','27.50.17.11','Chrome'),(439,'2017-04-11 17:59:34','182.253.163.50','Firefox'),(440,'2017-04-11 17:59:47','36.76.123.254','Chrome'),(441,'2017-04-11 18:00:20','103.47.132.22','Chrome'),(442,'2017-04-11 18:00:30','8.37.233.83','Safari'),(443,'2017-04-11 18:00:46','114.125.180.165','Chrome'),(444,'2017-04-11 18:01:39','180.252.143.230','Chrome'),(445,'2017-04-11 18:01:45','163.53.185.146','Chrome'),(446,'2017-04-11 18:02:33','114.125.207.121','Chrome'),(447,'2017-04-11 18:02:40','36.72.9.120','Chrome'),(448,'2017-04-11 18:04:44','61.5.60.185','Chrome'),(449,'2017-04-11 18:04:46','36.80.153.97','Chrome'),(450,'2017-04-11 18:05:41','180.252.239.223','Chrome'),(451,'2017-04-11 18:07:10','120.188.33.120','Chrome'),(452,'2017-04-11 18:07:10','118.97.50.22','Chrome'),(453,'2017-04-11 18:08:05','118.97.50.23','Chrome'),(454,'2017-04-11 18:09:09','36.84.229.118','Chrome'),(455,'2017-04-11 18:09:12','114.125.11.225','Chrome'),(456,'2017-04-11 18:09:49','182.23.59.66','Firefox'),(457,'2017-04-11 18:10:16','118.97.50.24','Chrome'),(458,'2017-04-11 18:10:59','175.111.91.19','Firefox'),(459,'2017-04-11 18:11:01','121.101.131.66','Chrome'),(460,'2017-04-11 18:11:16','2.235.170.197','Chrome'),(461,'2017-04-11 18:11:43','180.247.185.142','Chrome'),(462,'2017-04-11 18:12:38','36.80.179.43','Firefox'),(463,'2017-04-11 18:12:53','36.75.240.166','Chrome'),(464,'2017-04-11 18:13:31','118.97.241.130','Chrome'),(465,'2017-04-11 18:13:31','101.128.85.22','Chrome'),(466,'2017-04-11 18:13:48','182.253.122.110','Chrome'),(467,'2017-04-11 18:14:31','120.188.65.57','Chrome'),(468,'2017-04-11 18:14:38','115.164.60.248','Chrome'),(469,'2017-04-11 18:14:42','180.250.206.226','Chrome'),(470,'2017-04-11 18:15:06','125.165.103.49','Chrome'),(471,'2017-04-11 18:15:25','104.237.243.90','Firefox'),(472,'2017-04-11 18:15:30','180.254.241.158','Chrome'),(473,'2017-04-11 18:15:50','36.85.5.162','Chrome'),(474,'2017-04-11 18:15:56','120.188.67.11','Chrome'),(475,'2017-04-11 18:15:58','38.80.23.2','Firefox'),(476,'2017-04-11 18:16:01','61.94.194.3','Chrome'),(477,'2017-04-11 18:16:02','222.124.22.228','Chrome'),(478,'2017-04-11 18:16:07','180.178.93.249','Chrome'),(479,'2017-04-11 18:16:32','36.80.213.229','Chrome'),(480,'2017-04-11 18:17:27','175.184.250.82','Chrome'),(481,'2017-04-11 18:17:56','103.31.109.2','Chrome'),(482,'2017-04-11 18:18:11','168.235.202.213','Safari'),(483,'2017-04-11 18:18:43','120.188.85.102','Chrome'),(484,'2017-04-11 18:18:49','61.5.84.239','Chrome'),(485,'2017-04-11 18:18:51','36.73.220.140','Chrome'),(486,'2017-04-11 18:18:57','180.247.181.120','Chrome'),(487,'2017-04-11 18:19:50','36.73.22.116','Chrome'),(488,'2017-04-11 18:21:09','36.84.229.80','Chrome'),(489,'2017-04-11 18:21:23','120.188.67.170','Chrome'),(490,'2017-04-11 18:21:24','36.85.13.189','Chrome'),(491,'2017-04-11 18:22:18','66.96.246.66','Chrome'),(492,'2017-04-11 18:22:48','111.68.27.251','Chrome'),(493,'2017-04-11 18:23:31','202.80.212.117','Chrome'),(494,'2017-04-11 18:23:59','112.215.171.69','Mozilla'),(495,'2017-04-11 18:24:35','222.124.214.250','Chrome'),(496,'2017-04-11 18:24:53','140.0.203.15','Chrome'),(497,'2017-04-11 18:24:58','116.254.126.142','Chrome'),(498,'2017-04-11 18:25:13','120.188.66.255','Chrome'),(499,'2017-04-11 18:25:33','168.235.194.213','Safari'),(500,'2017-04-11 18:25:48','114.125.9.160','Safari'),(501,'2017-04-11 18:25:54','112.215.201.184','Safari'),(502,'2017-04-11 18:25:57','125.163.255.80','Chrome'),(503,'2017-04-11 18:26:09','168.235.200.204','Safari'),(504,'2017-04-11 18:26:37','128.199.233.142','Safari'),(505,'2017-04-11 18:28:11','112.215.154.169','Firefox'),(506,'2017-04-11 18:28:25','168.235.195.242','Safari'),(507,'2017-04-11 18:29:06','223.25.97.210','Chrome'),(508,'2017-04-11 18:30:24','203.176.183.20','Chrome'),(509,'2017-04-11 18:30:50','180.253.126.127','Chrome'),(510,'2017-04-11 18:31:06','36.78.129.171','Chrome'),(511,'2017-04-11 18:33:51','14.102.152.234','Chrome'),(512,'2017-04-11 18:34:09','8.37.230.53','Safari'),(513,'2017-04-11 18:34:27','112.215.172.183','Chrome'),(514,'2017-04-11 18:35:45','112.215.65.96','Safari'),(515,'2017-04-11 18:36:42','110.5.102.56','Chrome'),(516,'2017-04-11 18:37:05','114.121.246.246','Chrome'),(517,'2017-04-11 18:37:17','110.139.27.171','Chrome'),(518,'2017-04-11 18:39:05','120.188.65.207','Chrome'),(519,'2017-04-11 18:39:31','180.254.64.231','Chrome'),(520,'2017-04-11 18:39:34','202.133.6.54','Chrome'),(521,'2017-04-11 18:40:40','36.68.41.249','Chrome'),(522,'2017-04-11 18:43:08','125.163.57.73','Chrome'),(523,'2017-04-11 18:44:21','114.121.157.148','Chrome'),(524,'2017-04-11 18:44:46','140.0.229.214','Chrome'),(525,'2017-04-11 18:46:15','103.55.216.76','Firefox'),(526,'2017-04-11 18:47:25','120.188.4.116','Chrome'),(527,'2017-04-11 18:48:03','202.124.205.203','Mozilla'),(528,'2017-04-11 18:48:11','202.80.212.84','Chrome'),(529,'2017-04-11 18:48:52','36.74.26.7','Chrome'),(530,'2017-04-11 18:48:52','210.57.215.142','Chrome'),(531,'2017-04-11 18:48:56','202.43.183.130','Chrome'),(532,'2017-04-11 18:49:16','61.94.50.125','Chrome'),(533,'2017-04-11 18:50:14','139.192.185.41','Chrome'),(534,'2017-04-11 18:50:46','36.72.118.174','Chrome'),(535,'2017-04-11 18:51:16','118.136.225.170','Chrome'),(536,'2017-04-11 18:51:48','202.67.46.40','Chrome'),(537,'2017-04-11 18:52:04','182.253.33.51','Firefox'),(538,'2017-04-11 18:52:06','180.254.26.52','Chrome'),(539,'2017-04-11 18:52:07','36.66.168.63','Chrome'),(540,'2017-04-11 18:52:24','112.215.45.116','Firefox'),(541,'2017-04-11 18:52:52','112.215.172.67','Chrome'),(542,'2017-04-11 18:54:21','180.245.67.128','Chrome'),(543,'2017-04-11 18:55:01','36.83.178.178','Chrome'),(544,'2017-04-11 18:55:10','118.96.213.178','Firefox'),(545,'2017-04-11 18:56:30','114.125.170.252','Chrome'),(546,'2017-04-11 18:56:43','124.153.32.100','Chrome'),(547,'2017-04-11 18:57:11','120.188.74.139','Mozilla'),(548,'2017-04-11 18:57:47','124.153.33.42','Mozilla'),(549,'2017-04-11 18:58:44','36.78.128.112','Firefox'),(550,'2017-04-11 18:59:10','103.228.26.4','Chrome'),(551,'2017-04-11 19:00:17','36.82.101.17','Chrome'),(552,'2017-04-11 19:01:21','139.0.54.49','Chrome'),(553,'2017-04-11 19:01:23','180.252.103.36','Mozilla'),(554,'2017-04-11 19:01:33','117.102.64.82','Firefox'),(555,'2017-04-11 19:03:59','202.67.44.8','Chrome'),(556,'2017-04-11 19:04:16','114.125.26.15','Chrome'),(557,'2017-04-11 19:04:23','180.246.224.105','Chrome'),(558,'2017-04-11 19:05:05','112.215.170.35','Mozilla'),(559,'2017-04-11 19:05:33','180.251.217.107','Chrome'),(560,'2017-04-11 19:06:35','36.84.39.119','Chrome'),(561,'2017-04-11 19:07:10','103.241.206.74','Chrome'),(562,'2017-04-11 19:08:18','203.160.128.8','Chrome'),(563,'2017-04-11 19:09:24','36.71.230.230','Chrome'),(564,'2017-04-11 19:09:33','118.136.40.213','Chrome'),(565,'2017-04-11 19:10:26','8.37.225.146','Firefox'),(566,'2017-04-11 19:10:27','180.251.6.162','Chrome'),(567,'2017-04-11 19:10:34','112.215.201.35','Chrome'),(568,'2017-04-11 19:10:40','120.188.64.132','Chrome'),(569,'2017-04-11 19:11:13','112.215.151.179','Chrome'),(570,'2017-04-11 19:11:34','107.167.99.205','Opera'),(571,'2017-04-11 19:11:48','210.211.18.82','Chrome'),(572,'2017-04-11 19:11:51','112.215.174.151','Chrome'),(573,'2017-04-11 19:12:02','120.188.73.159','Chrome'),(574,'2017-04-11 19:13:39','36.81.46.228','Chrome'),(575,'2017-04-11 19:15:31','36.77.89.224','Chrome'),(576,'2017-04-11 19:16:10','107.167.112.144','Chrome'),(577,'2017-04-11 19:16:23','125.165.178.198','Firefox'),(578,'2017-04-11 19:16:50','139.192.58.131','Chrome'),(579,'2017-04-11 19:16:54','36.69.12.48','Chrome'),(580,'2017-04-11 19:17:14','202.179.190.162','Chrome'),(581,'2017-04-11 19:17:26','36.78.33.42','Chrome'),(582,'2017-04-11 19:17:48','103.213.131.160','Chrome'),(583,'2017-04-11 19:17:55','36.85.24.1','Mozilla'),(584,'2017-04-11 19:18:13','202.158.89.154','Chrome'),(585,'2017-04-11 19:19:02','36.70.91.134','Firefox'),(586,'2017-04-11 19:19:15','114.125.30.235','Chrome'),(587,'2017-04-11 19:19:52','125.163.174.117','Chrome'),(588,'2017-04-11 19:20:01','103.17.246.48','Firefox'),(589,'2017-04-11 19:21:22','36.88.134.156','Chrome'),(590,'2017-04-11 19:22:53','120.188.5.152','Mozilla'),(591,'2017-04-11 19:23:28','114.124.33.225','Chrome'),(592,'2017-04-11 19:23:44','112.215.200.147','Chrome'),(593,'2017-04-11 19:24:23','180.253.125.143','Chrome'),(594,'2017-04-11 19:24:30','36.69.83.3','Chrome'),(595,'2017-04-11 19:25:24','36.68.118.78','Firefox'),(596,'2017-04-11 19:25:36','180.245.99.108','Chrome'),(597,'2017-04-11 19:26:15','8.37.225.106','Firefox'),(598,'2017-04-11 19:26:16','58.10.55.252','Chrome'),(599,'2017-04-11 19:27:07','36.73.65.61','Firefox'),(600,'2017-04-11 19:27:18','202.62.18.53','Chrome'),(601,'2017-04-11 19:27:39','180.243.101.157','Chrome'),(602,'2017-04-11 19:29:40','180.249.209.233','Chrome'),(603,'2017-04-11 19:31:13','120.188.7.226','Chrome'),(604,'2017-04-11 19:31:29','36.85.139.235','Firefox'),(605,'2017-04-11 19:32:43','203.142.64.87','Chrome'),(606,'2017-04-11 19:33:19','107.167.112.181','Opera'),(607,'2017-04-11 19:34:05','182.253.73.4','Firefox'),(608,'2017-04-11 19:34:16','110.136.57.170','Chrome'),(609,'2017-04-11 19:38:24','112.215.200.152','Mozilla'),(610,'2017-04-11 19:38:37','168.235.205.184','Safari'),(611,'2017-04-11 19:39:48','125.164.109.171','Chrome'),(612,'2017-04-11 19:39:50','36.73.58.152','Chrome'),(613,'2017-04-11 19:40:16','202.62.16.15','Chrome'),(614,'2017-04-11 19:41:57','36.73.54.54','Chrome'),(615,'2017-04-11 19:42:26','36.80.151.109','Firefox'),(616,'2017-04-11 19:43:14','202.67.40.199','Chrome'),(617,'2017-04-11 19:43:29','114.4.83.133','Chrome'),(618,'2017-04-11 19:43:31','173.193.202.116','Firefox'),(619,'2017-04-11 19:44:18','202.62.16.181','Chrome'),(620,'2017-04-11 19:45:13','167.114.233.118','Firefox'),(621,'2017-04-11 19:45:30','180.241.24.74','Chrome'),(622,'2017-04-11 19:47:01','125.166.212.190','Chrome'),(623,'2017-04-11 19:47:21','180.241.179.220','Chrome'),(624,'2017-04-11 19:47:27','125.167.75.246','Chrome'),(625,'2017-04-11 19:47:48','168.235.194.226','Safari'),(626,'2017-04-11 19:52:01','118.97.137.170','Chrome'),(627,'2017-04-11 19:52:53','180.247.208.196','Chrome'),(628,'2017-04-11 19:54:25','103.9.124.211','Chrome'),(629,'2017-04-11 19:56:29','120.188.94.118','Chrome'),(630,'2017-04-11 19:56:33','36.73.12.186','Firefox'),(631,'2017-04-11 19:56:44','36.66.254.39','Firefox'),(632,'2017-04-11 19:57:28','120.188.81.56','Chrome'),(633,'2017-04-11 19:59:02','36.82.7.245','Chrome'),(634,'2017-04-11 19:59:36','103.212.43.138','Chrome'),(635,'2017-04-11 20:00:38','139.193.114.21','Chrome'),(636,'2017-04-11 20:00:50','112.215.175.249','Firefox'),(637,'2017-04-11 20:01:24','120.188.33.237','Chrome'),(638,'2017-04-11 20:01:53','36.80.106.53','Chrome'),(639,'2017-04-11 20:02:10','36.84.0.88','Firefox'),(640,'2017-04-11 20:03:00','103.57.192.122','Chrome'),(641,'2017-04-11 20:04:55','36.72.190.47','Firefox'),(642,'2017-04-11 20:06:41','125.163.105.25','Chrome'),(643,'2017-04-11 20:07:06','115.178.234.139','Mozilla'),(644,'2017-04-11 20:07:31','114.120.234.114','Mozilla'),(645,'2017-04-11 20:08:50','202.67.46.227','Chrome'),(646,'2017-04-11 20:09:22','36.77.160.216','Chrome'),(647,'2017-04-11 20:10:14','139.193.15.145','Chrome'),(648,'2017-04-11 20:10:47','112.215.172.245','Chrome'),(649,'2017-04-11 20:10:50','207.241.226.232','Mozilla'),(650,'2017-04-11 20:11:07','120.188.0.239','Chrome'),(651,'2017-04-11 20:11:09','180.251.99.141','Chrome'),(652,'2017-04-11 20:11:13','125.162.56.58','Chrome'),(653,'2017-04-11 20:11:39','36.72.50.199','Chrome'),(654,'2017-04-11 20:12:20','139.194.66.128','Chrome'),(655,'2017-04-11 20:12:55','36.78.127.45','Firefox'),(656,'2017-04-11 20:13:00','36.74.170.244','Chrome'),(657,'2017-04-11 20:13:59','36.83.123.80','Chrome'),(658,'2017-04-11 20:14:36','36.84.13.207','Chrome'),(659,'2017-04-11 20:14:50','112.198.68.78','Chrome'),(660,'2017-04-11 20:15:20','180.251.88.168','Firefox'),(661,'2017-04-11 20:15:32','119.110.69.226','Chrome'),(662,'2017-04-11 20:16:00','36.85.65.250','Chrome'),(663,'2017-04-11 20:16:43','112.78.141.82','Firefox'),(664,'2017-04-11 20:16:57','125.163.59.51','Chrome'),(665,'2017-04-11 20:17:19','116.197.132.78','Firefox'),(666,'2017-04-11 20:17:39','120.188.67.180','Chrome'),(667,'2017-04-11 20:18:27','114.4.83.35','Chrome'),(668,'2017-04-11 20:18:28','125.162.19.20','Firefox'),(669,'2017-04-11 20:18:29','182.253.3.140','Chrome'),(670,'2017-04-11 20:21:45','36.78.130.219','Firefox'),(671,'2017-04-11 20:24:05','180.246.25.27','Firefox'),(672,'2017-04-11 20:25:03','202.150.146.82','Chrome'),(673,'2017-04-11 20:25:05','125.162.222.87','Mozilla'),(674,'2017-04-11 20:25:34','120.188.86.20','Chrome'),(675,'2017-04-11 20:25:43','125.163.109.106','Chrome'),(676,'2017-04-11 20:26:12','120.188.81.160','Chrome'),(677,'2017-04-11 20:29:23','175.111.89.10','Chrome'),(678,'2017-04-11 20:30:27','114.121.245.17','Mozilla'),(679,'2017-04-11 20:32:54','110.139.200.11','Chrome'),(680,'2017-04-11 20:33:00','114.125.52.89','Chrome'),(681,'2017-04-11 20:33:25','36.74.177.233','Chrome'),(682,'2017-04-11 20:33:44','180.254.162.29','Firefox'),(683,'2017-04-11 20:33:53','125.160.100.4','Chrome'),(684,'2017-04-11 20:34:59','202.77.111.104','Chrome'),(685,'2017-04-11 20:35:16','36.69.153.83','Chrome'),(686,'2017-04-11 20:35:19','180.254.13.225','Chrome'),(687,'2017-04-11 20:35:24','180.251.214.117','Chrome'),(688,'2017-04-11 20:35:27','36.74.134.188','Chrome'),(689,'2017-04-11 20:35:41','107.167.103.167','Opera'),(690,'2017-04-11 20:36:56','139.193.222.23','Chrome'),(691,'2017-04-11 20:36:59','182.253.72.87','Chrome'),(692,'2017-04-11 20:37:10','101.255.64.210','Chrome'),(693,'2017-04-11 20:38:20','36.69.60.79','Chrome'),(694,'2017-04-11 20:38:34','36.84.229.27','Firefox'),(695,'2017-04-11 20:41:28','202.62.16.239','Firefox'),(696,'2017-04-11 20:41:42','36.81.58.185','Chrome'),(697,'2017-04-11 20:41:44','112.215.152.52','Chrome'),(698,'2017-04-11 20:42:08','36.74.224.172','Chrome'),(699,'2017-04-11 20:42:11','112.215.200.247','Mozilla'),(700,'2017-04-11 20:42:34','112.215.153.115','Chrome'),(701,'2017-04-11 20:42:58','223.164.0.178','Chrome'),(702,'2017-04-11 20:42:58','36.72.62.17','Chrome'),(703,'2017-04-11 20:43:38','103.209.131.44','Firefox'),(704,'2017-04-11 20:43:43','139.195.33.29','Chrome'),(705,'2017-04-11 20:44:51','103.61.248.82','Chrome'),(706,'2017-04-11 20:46:50','175.103.43.86','Chrome'),(707,'2017-04-11 20:47:49','120.188.94.79','Chrome'),(708,'2017-04-11 20:47:53','202.169.46.130','Chrome'),(709,'2017-04-11 20:48:37','158.140.170.38','Chrome'),(710,'2017-04-11 20:49:55','180.245.193.140','Chrome'),(711,'2017-04-11 20:50:24','180.246.157.179','Chrome'),(712,'2017-04-11 20:51:51','36.76.23.139','Chrome'),(713,'2017-04-11 20:52:06','202.67.41.213','Chrome'),(714,'2017-04-11 20:52:34','36.78.163.149','Chrome'),(715,'2017-04-11 20:53:12','158.140.166.0','Chrome'),(716,'2017-04-11 20:55:36','207.244.86.209','Chrome'),(717,'2017-04-11 20:56:35','120.188.79.122','Chrome'),(718,'2017-04-11 20:58:11','36.73.104.74','Chrome'),(719,'2017-04-11 20:58:21','222.124.22.251','Firefox'),(720,'2017-04-11 20:58:32','120.188.93.249','Chrome'),(721,'2017-04-11 21:02:03','120.188.33.199','Chrome'),(722,'2017-04-11 21:02:06','125.161.64.96','Chrome'),(723,'2017-04-11 21:03:41','182.253.122.125','Chrome'),(724,'2017-04-11 21:04:06','36.68.234.47','Chrome'),(725,'2017-04-11 21:04:33','36.72.94.211','Chrome'),(726,'2017-04-11 21:04:48','125.163.125.211','Chrome'),(727,'2017-04-11 21:04:52','180.248.243.155','Chrome'),(728,'2017-04-11 21:04:58','182.253.34.175','Mozilla'),(729,'2017-04-11 21:05:28','103.24.49.225','Chrome'),(730,'2017-04-11 21:06:42','180.248.250.226','Chrome'),(731,'2017-04-11 21:09:06','36.84.157.255','Chrome'),(732,'2017-04-11 21:09:09','202.152.156.210','Firefox'),(733,'2017-04-11 21:09:41','114.125.53.87','Chrome'),(734,'2017-04-11 21:09:43','120.188.7.170','Chrome'),(735,'2017-04-11 21:11:29','152.118.148.226','Internet Explorer'),(736,'2017-04-11 21:11:43','182.253.188.125','Chrome'),(737,'2017-04-11 21:12:47','5.254.97.108','Chrome'),(738,'2017-04-11 21:13:23','120.188.3.109','Chrome'),(739,'2017-04-11 21:14:38','180.246.199.52','Chrome'),(740,'2017-04-11 21:15:05','210.211.17.14','Chrome'),(741,'2017-04-11 21:15:59','36.82.201.211','Chrome'),(742,'2017-04-11 21:16:14','103.23.102.111','Chrome'),(743,'2017-04-11 21:17:19','36.81.75.68','Chrome'),(744,'2017-04-11 21:18:59','114.125.39.153','Chrome'),(745,'2017-04-11 21:20:34','222.124.52.127','Chrome'),(746,'2017-04-11 21:21:13','180.248.199.49','Chrome'),(747,'2017-04-11 21:22:00','125.163.114.139','Chrome'),(748,'2017-04-11 21:25:37','107.167.99.151','Opera'),(749,'2017-04-11 21:26:05','114.125.116.95','Chrome'),(750,'2017-04-11 21:26:49','202.62.18.115','Chrome'),(751,'2017-04-11 21:26:50','61.8.69.82','Chrome'),(752,'2017-04-11 21:28:31','113.161.224.83','Chrome'),(753,'2017-04-11 21:28:45','103.47.132.24','Chrome'),(754,'2017-04-11 21:29:03','120.188.64.12','Chrome'),(755,'2017-04-11 21:30:03','103.47.134.26','Chrome'),(756,'2017-04-11 21:30:29','202.9.85.34','Chrome'),(757,'2017-04-11 21:31:59','182.253.62.142','Chrome'),(758,'2017-04-11 21:32:07','36.88.45.251','Chrome'),(759,'2017-04-11 21:32:24','114.121.133.17','Mozilla'),(760,'2017-04-11 21:33:18','190.233.193.231','Chrome'),(761,'2017-04-11 21:33:41','202.80.215.57','Chrome'),(762,'2017-04-11 21:34:18','115.178.216.124','Chrome'),(763,'2017-04-11 21:37:01','222.165.226.122','Firefox'),(764,'2017-04-11 21:38:07','36.82.13.155','Chrome'),(765,'2017-04-11 21:38:30','202.182.59.185','Firefox'),(766,'2017-04-11 21:38:42','103.21.206.66','Chrome'),(767,'2017-04-11 21:39:14','36.69.87.71','Chrome'),(768,'2017-04-11 21:39:42','43.247.13.202','Chrome'),(769,'2017-04-11 21:40:08','66.102.7.143','Chrome'),(770,'2017-04-11 21:43:21','168.235.195.74','Safari'),(771,'2017-04-11 21:44:11','103.8.12.99','Chrome'),(772,'2017-04-11 21:44:14','180.252.137.203','Chrome'),(773,'2017-04-11 21:44:27','36.87.53.20','Safari'),(774,'2017-04-11 21:45:06','114.125.87.178','Chrome'),(775,'2017-04-11 21:46:04','158.140.172.34','Chrome'),(776,'2017-04-11 21:46:12','61.94.132.66','Chrome'),(777,'2017-04-11 21:47:36','101.255.60.254','Chrome'),(778,'2017-04-11 21:49:09','36.74.102.19','Chrome'),(779,'2017-04-11 21:49:42','180.246.244.93','Chrome'),(780,'2017-04-11 21:49:52','118.97.151.193','Firefox'),(781,'2017-04-11 21:50:01','117.102.122.242','Chrome'),(782,'2017-04-11 21:50:51','36.71.249.134','Chrome'),(783,'2017-04-11 21:51:54','112.215.171.45','Chrome'),(784,'2017-04-11 21:52:18','103.241.5.116','Chrome'),(785,'2017-04-11 21:52:31','36.78.103.212','Chrome'),(786,'2017-04-11 21:53:09','36.72.80.127','Chrome'),(787,'2017-04-11 21:54:12','36.78.123.228','Chrome'),(788,'2017-04-11 21:54:16','36.68.235.225','Chrome'),(789,'2017-04-11 21:54:37','125.161.181.154','Firefox'),(790,'2017-04-11 21:55:13','36.80.164.131','Chrome'),(791,'2017-04-11 21:56:15','180.245.211.69','Chrome'),(792,'2017-04-11 21:56:16','125.167.186.204','Chrome'),(793,'2017-04-11 21:57:34','114.125.119.153','Chrome'),(794,'2017-04-11 21:59:59','114.121.234.35','Chrome'),(795,'2017-04-11 22:02:26','107.167.103.67','Opera'),(796,'2017-04-11 22:02:47','36.80.9.250','Chrome'),(797,'2017-04-11 22:02:50','36.88.62.43','Chrome'),(798,'2017-04-11 22:02:57','114.125.184.105','Chrome'),(799,'2017-04-11 22:03:07','185.182.81.53','Chrome'),(800,'2017-04-11 22:04:44','66.102.7.141','Chrome'),(801,'2017-04-11 22:04:57','36.88.158.219','Chrome'),(802,'2017-04-11 22:06:25','36.73.34.208','Chrome'),(803,'2017-04-11 22:07:58','36.74.20.46','Chrome'),(804,'2017-04-11 22:08:28','36.82.100.128','Chrome'),(805,'2017-04-11 22:09:30','112.215.65.245','Chrome'),(806,'2017-04-11 22:09:42','114.4.78.119','Chrome'),(807,'2017-04-11 22:09:46','110.137.171.177','Chrome'),(808,'2017-04-11 22:09:47','140.0.198.87','Mozilla'),(809,'2017-04-11 22:10:20','103.47.134.18','Chrome'),(810,'2017-04-11 22:10:43','36.66.46.34','Chrome'),(811,'2017-04-11 22:11:32','180.246.96.230','Chrome'),(812,'2017-04-11 22:13:26','146.185.31.213','Firefox'),(813,'2017-04-11 22:18:49','163.53.186.186','Firefox'),(814,'2017-04-11 22:19:24','202.62.16.98','Chrome'),(815,'2017-04-11 22:21:09','36.70.200.11','Chrome'),(816,'2017-04-11 22:24:10','112.215.45.58','Chrome'),(817,'2017-04-11 22:25:14','66.96.234.91','Chrome'),(818,'2017-04-11 22:25:55','103.66.199.34','Chrome'),(819,'2017-04-11 22:26:53','182.253.163.82','Chrome'),(820,'2017-04-11 22:28:37','103.3.44.1','Chrome'),(821,'2017-04-11 22:29:22','36.88.90.200','Chrome'),(822,'2017-04-11 22:30:19','180.254.255.166','Chrome'),(823,'2017-04-11 22:30:24','115.178.200.226','Chrome'),(824,'2017-04-11 22:30:45','120.188.1.120','Chrome'),(825,'2017-04-11 22:32:14','103.195.142.26','Chrome'),(826,'2017-04-11 22:33:33','120.188.0.9','Firefox'),(827,'2017-04-11 22:35:18','120.188.81.213','Chrome'),(828,'2017-04-11 22:36:20','182.253.131.41','Mozilla'),(829,'2017-04-11 22:36:24','8.37.234.123','Chrome'),(830,'2017-04-11 22:36:27','36.72.34.63','Chrome'),(831,'2017-04-11 22:36:36','115.178.239.80','Chrome'),(832,'2017-04-11 22:36:54','103.58.111.34','Chrome'),(833,'2017-04-11 22:38:16','8.37.225.224','Firefox'),(834,'2017-04-11 22:38:19','112.215.200.93','Chrome'),(835,'2017-04-11 22:39:20','120.188.92.156','Chrome'),(836,'2017-04-11 22:39:27','114.125.103.119','Chrome'),(837,'2017-04-11 22:40:08','107.167.112.73','Chrome'),(838,'2017-04-11 22:42:02','120.188.66.2','Chrome'),(839,'2017-04-11 22:42:44','36.72.134.144','Chrome'),(840,'2017-04-11 22:43:13','36.66.215.5','Firefox'),(841,'2017-04-11 22:44:26','114.125.101.241','Chrome'),(842,'2017-04-11 22:45:36','182.253.37.186','Firefox'),(843,'2017-04-11 22:46:05','114.125.117.183','Chrome'),(844,'2017-04-11 22:46:05','114.125.101.71','Chrome'),(845,'2017-04-11 22:46:05','114.125.101.255','Chrome'),(846,'2017-04-11 22:47:28','114.124.34.31','Mozilla'),(847,'2017-04-11 22:48:28','202.62.17.122','Chrome'),(848,'2017-04-11 22:48:41','139.192.131.90','Chrome'),(849,'2017-04-11 22:52:52','120.188.3.158','Chrome'),(850,'2017-04-11 22:53:10','200.77.128.224','Mozilla'),(851,'2017-04-11 22:54:26','112.215.151.215','Chrome'),(852,'2017-04-11 22:55:40','114.4.82.59','Chrome'),(853,'2017-04-11 22:55:50','36.79.229.121','Chrome'),(854,'2017-04-11 22:57:41','118.136.224.179','Chrome'),(855,'2017-04-11 23:00:38','202.67.41.242','Chrome'),(856,'2017-04-11 23:01:11','36.77.191.150','Mozilla'),(857,'2017-04-11 23:01:26','125.166.214.129','Chrome'),(858,'2017-04-11 23:03:25','202.93.231.81','Chrome'),(859,'2017-04-11 23:03:40','36.68.69.52','Chrome'),(860,'2017-04-11 23:03:59','112.215.152.222','Chrome'),(861,'2017-04-11 23:04:55','36.79.42.167','Chrome'),(862,'2017-04-11 23:05:30','103.47.134.3','Chrome'),(863,'2017-04-11 23:10:29','139.59.96.104','Chrome'),(864,'2017-04-11 23:11:56','36.73.101.192','Firefox'),(865,'2017-04-11 23:12:39','180.252.110.204','Chrome'),(866,'2017-04-11 23:14:25','36.84.224.105','Firefox'),(867,'2017-04-11 23:15:20','112.215.172.91','Chrome'),(868,'2017-04-11 23:15:29','43.252.159.29','Chrome'),(869,'2017-04-11 23:16:19','114.124.2.201','Chrome'),(870,'2017-04-11 23:16:52','103.77.50.21','Chrome'),(871,'2017-04-11 23:18:18','114.125.215.48','Mozilla'),(872,'2017-04-11 23:19:02','202.62.17.10','Chrome'),(873,'2017-04-11 23:20:03','202.93.231.70','Firefox'),(874,'2017-04-11 23:20:33','103.47.134.15','Firefox'),(875,'2017-04-11 23:22:24','120.188.77.49','Firefox'),(876,'2017-04-11 23:22:51','120.188.3.239','Chrome'),(877,'2017-04-11 23:24:00','180.189.162.131','Chrome'),(878,'2017-04-11 23:24:20','36.83.36.137','Chrome'),(879,'2017-04-11 23:26:02','175.111.89.42','Chrome'),(880,'2017-04-11 23:26:56','213.171.207.70','Chrome'),(881,'2017-04-11 23:27:42','180.252.173.112','Chrome'),(882,'2017-04-11 23:28:22','115.178.234.185','Chrome'),(883,'2017-04-11 23:28:28','36.77.83.38','Chrome'),(884,'2017-04-11 23:29:16','103.248.248.86','Chrome'),(885,'2017-04-11 23:29:32','180.254.74.221','Chrome'),(886,'2017-04-11 23:29:39','36.78.55.37','Firefox'),(887,'2017-04-11 23:29:48','112.78.191.34','Chrome'),(888,'2017-04-11 23:30:04','120.188.81.161','Chrome'),(889,'2017-04-11 23:30:08','115.178.201.60','Chrome'),(890,'2017-04-11 23:31:14','36.72.202.102','Chrome'),(891,'2017-04-11 23:31:58','120.188.79.93','Chrome'),(892,'2017-04-11 23:33:26','36.80.202.16','Firefox'),(893,'2017-04-11 23:35:32','139.194.22.183','Chrome'),(894,'2017-04-11 23:38:11','120.188.87.248','Chrome'),(895,'2017-04-11 23:38:30','182.253.163.75','Chrome'),(896,'2017-04-11 23:39:26','103.213.128.19','Chrome'),(897,'2017-04-11 23:40:11','202.169.53.3','Firefox'),(898,'2017-04-11 23:41:53','202.67.40.1','Chrome'),(899,'2017-04-11 23:43:22','120.188.66.119','Chrome'),(900,'2017-04-11 23:43:42','36.74.115.169','Chrome'),(901,'2017-04-11 23:46:07','103.47.132.27','Chrome'),(902,'2017-04-11 23:46:19','180.241.75.46','Mozilla'),(903,'2017-04-11 23:46:19','36.84.228.213','Chrome'),(904,'2017-04-11 23:46:44','118.136.88.249','Chrome'),(905,'2017-04-11 23:49:50','120.188.83.242','Chrome'),(906,'2017-04-11 23:49:52','36.77.137.120','Chrome'),(907,'2017-05-01 12:24:03','::1',NULL),(908,'2017-05-01 12:24:53','::1',NULL),(909,'2017-05-01 12:25:57','::1',NULL),(910,'2017-05-01 17:13:50','::1',NULL),(911,'2017-05-01 18:26:09','::1',NULL),(912,'2017-05-06 14:43:17','::1','Firefox'),(913,'2017-05-07 02:18:38','::1','Firefox'),(914,'2017-05-13 12:19:10','::1','Firefox'),(915,'2017-05-13 17:08:02','::1','Firefox'),(916,'2017-05-16 12:30:09','::1','Firefox'),(917,'2017-05-17 07:46:05','::1','Firefox'),(918,'2017-05-23 05:01:55','::1','Firefox'),(919,'2017-06-01 15:37:00','::1','Firefox'),(920,'2017-06-21 00:48:57','::1','Firefox'),(921,'2017-06-21 22:58:34','::1','Firefox'),(922,'2017-06-23 23:00:36','::1','Firefox'),(923,'2017-06-26 22:25:17','::1','Firefox'),(924,'2017-07-01 01:10:04','::1','Firefox'),(925,'2017-08-07 07:32:11','::1','Firefox'),(926,'2017-08-08 00:45:09','::1','Firefox'),(927,'2017-08-09 13:04:25','::1','Firefox'),(928,'2017-08-11 06:56:38','::1','Firefox'),(929,'2017-08-13 11:29:42','::1','Firefox'),(930,'2017-08-20 13:28:50','::1','Firefox'),(931,'2017-08-22 15:56:52','::1','Firefox'),(932,'2017-08-23 06:24:20','::1','Firefox'),(933,'2017-08-23 17:00:02','::1','Firefox'),(934,'2017-08-24 17:00:21','::1','Firefox'),(935,'2017-08-25 17:10:13','::1','Firefox'),(936,'2017-08-27 12:43:22','::1','Chrome'),(937,'2017-08-28 07:35:26','::1','Firefox'),(938,'2017-08-29 02:15:42','::1','Firefox'),(939,'2017-09-01 13:51:54','::1','Firefox'),(940,'2017-09-02 04:50:37','::1','Firefox'),(941,'2017-09-07 03:28:07','::1','Firefox'),(942,'2017-10-08 00:24:12','::1','Firefox'),(943,'2017-10-16 03:19:24','::1','Firefox'),(944,'2017-10-27 23:18:34','::1','Firefox'),(945,'2017-10-29 03:44:46','::1','Firefox'),(946,'2019-06-29 16:30:35','127.0.0.1','Firefox'),(947,'2019-06-29 17:29:35','127.0.0.1','Firefox'),(948,'2019-07-02 05:35:58','127.0.0.1','Firefox'),(949,'2019-07-02 17:10:03','127.0.0.1','Firefox'),(950,'2019-07-03 06:09:40','139.228.240.242','Firefox'),(951,'2019-07-03 11:48:51','180.247.113.120','Firefox'),(952,'2019-07-03 11:53:24','202.67.46.241','Chrome'),(953,'2019-07-03 12:46:24','202.58.243.102','Spartan'),(954,'2019-07-03 12:47:10','112.215.241.82','Firefox'),(955,'2019-07-03 16:19:31','180.247.92.80','Chrome'),(956,'2019-07-03 17:01:51','180.247.92.80','Chrome'),(957,'2019-07-04 03:54:22','202.67.46.14','Chrome'),(958,'2019-07-04 04:15:05','36.74.99.111','Chrome'),(959,'2019-07-04 16:56:42','110.139.75.95','Chrome'),(960,'2019-07-04 17:10:06','110.139.75.95','Chrome'),(961,'2019-07-06 21:35:06','66.249.64.41','Googlebot'),(962,'2019-07-06 21:36:01','66.249.64.43','Googlebot'),(963,'2019-07-06 21:38:04','66.249.64.45','Googlebot'),(964,'2019-07-07 15:04:35','120.188.83.230','Firefox'),(965,'2019-07-08 06:49:27','139.228.240.242','Chrome'),(966,'2019-07-08 14:44:15','36.82.98.83','Firefox'),(967,'2019-07-08 16:05:34','36.82.103.78','Chrome'),(968,'2019-07-08 17:24:23','36.82.103.78','Chrome'),(969,'2019-07-09 00:42:59','202.67.41.236','Chrome'),(970,'2019-07-09 03:49:15','66.249.79.75','Googlebot'),(971,'2019-07-09 03:49:34','66.249.79.73','Googlebot'),(972,'2019-07-09 03:52:07','66.249.79.77','Googlebot'),(973,'2019-07-09 09:17:06','158.140.187.235','Chrome'),(974,'2019-07-10 12:50:58','139.228.240.242','Firefox'),(975,'2019-07-13 13:47:22','112.215.173.246','Firefox'),(976,'2019-07-15 08:58:09','139.228.240.242','Firefox'),(977,'2019-07-15 21:36:55','66.249.66.158','Googlebot'),(978,'2019-07-15 21:38:47','66.249.66.157','Googlebot'),(979,'2019-07-15 21:44:41','66.249.66.159','Googlebot'),(980,'2019-07-16 07:31:35','139.228.240.242','Firefox'),(981,'2019-07-16 18:05:40','120.188.74.85','Firefox'),(982,'2019-07-17 03:44:02','202.67.41.30','Chrome'),(983,'2019-07-17 04:46:47','202.67.46.7','Chrome'),(984,'2019-07-17 10:54:45','202.58.243.102','Chrome'),(985,'2019-07-17 10:58:05','202.67.41.7','Chrome'),(986,'2019-07-18 03:35:41','116.206.40.9','Chrome'),(987,'2019-07-18 18:01:57','202.67.41.232','Chrome'),(988,'2019-07-18 18:52:49','120.188.78.42','Firefox'),(989,'2019-07-18 21:35:46','66.249.75.89','Googlebot'),(990,'2019-07-18 21:37:23','66.249.75.91','Googlebot'),(991,'2019-07-19 02:02:35','202.67.46.237','Chrome'),(992,'2019-07-19 02:10:10','202.58.243.102','Chrome'),(993,'2019-07-19 03:26:11','66.249.75.90','Googlebot'),(994,'2019-07-20 05:02:13','66.249.79.75','Googlebot'),(995,'2019-07-20 05:03:18','66.249.79.73','Googlebot'),(996,'2019-07-20 05:04:30','66.249.79.77','Googlebot'),(997,'2019-07-20 15:05:12','116.206.40.113','Chrome'),(998,'2019-07-21 04:02:38','66.249.73.8','Googlebot'),(999,'2019-07-21 04:02:39','66.249.73.12','Googlebot'),(1000,'2019-07-22 01:40:23','66.249.71.43','Googlebot'),(1001,'2019-07-22 01:40:24','66.249.71.41','Googlebot'),(1002,'2019-07-23 03:53:09','66.249.64.41','Googlebot'),(1003,'2019-07-23 16:56:56','66.249.71.45','Googlebot'),(1004,'2019-07-24 02:41:14','202.67.40.7','Chrome'),(1005,'2019-07-24 20:52:44','66.249.71.41','Googlebot'),(1006,'2019-07-25 04:58:38','202.80.217.172','Chrome'),(1007,'2019-07-26 01:09:11','66.249.71.43','Googlebot'),(1008,'2019-07-26 11:06:05','66.249.71.41','Googlebot'),(1009,'2019-07-26 15:27:33','116.206.40.34','Chrome'),(1010,'2019-07-27 04:00:32','66.249.66.158','Googlebot'),(1011,'2019-07-27 13:49:20','66.249.66.159','Googlebot'),(1012,'2019-07-27 16:15:57','120.188.81.102','Firefox'),(1013,'2019-07-27 17:01:09','116.206.40.33','Chrome'),(1014,'2019-07-27 17:04:59','120.188.81.102','Firefox'),(1015,'2019-07-27 21:22:03','36.85.5.4','Chrome'),(1016,'2019-07-28 02:41:52','66.249.71.43','Googlebot'),(1017,'2019-07-28 02:41:53','66.249.71.41','Googlebot'),(1018,'2019-07-28 16:38:13','66.249.71.45','Googlebot'),(1019,'2019-07-29 01:22:44','66.249.71.43','Googlebot'),(1020,'2019-07-29 01:22:45','66.249.71.45','Googlebot'),(1021,'2019-07-29 02:52:42','202.67.46.249','Chrome'),(1022,'2019-07-30 00:35:15','66.249.71.45','Googlebot'),(1023,'2019-07-30 00:35:16','66.249.71.41','Googlebot'),(1024,'2019-07-30 04:49:20','202.58.243.102','Chrome'),(1025,'2019-07-30 07:44:12','91.210.145.237','Chrome'),(1026,'2019-07-30 09:09:32','66.249.71.43','Googlebot'),(1027,'2019-07-30 19:53:35','36.82.99.204','Chrome'),(1028,'2019-08-02 07:52:28','139.228.240.242','Firefox');
/*!40000 ALTER TABLE `tbl_pengunjung` ENABLE KEYS */;
UNLOCK TABLES;

--
-- Table structure for table `tbl_portfolio`
--

DROP TABLE IF EXISTS `tbl_portfolio`;
/*!40101 SET @saved_cs_client     = @@character_set_client */;
/*!40101 SET character_set_client = utf8 */;
CREATE TABLE `tbl_portfolio` (
  `port_id` int(11) NOT NULL AUTO_INCREMENT,
  `port_judul` varchar(200) DEFAULT NULL,
  `port_deskripsi` text,
  `port_tanggal` timestamp NULL DEFAULT CURRENT_TIMESTAMP,
  `port_author` varchar(40) DEFAULT NULL,
  `port_image` varchar(40) DEFAULT NULL,
  `idkategori` int(11) DEFAULT NULL,
  PRIMARY KEY (`port_id`)
) ENGINE=InnoDB AUTO_INCREMENT=12 DEFAULT CHARSET=latin1;
/*!40101 SET character_set_client = @saved_cs_client */;

--
-- Dumping data for table `tbl_portfolio`
--

LOCK TABLES `tbl_portfolio` WRITE;
/*!40000 ALTER TABLE `tbl_portfolio` DISABLE KEYS */;
INSERT INTO `tbl_portfolio` VALUES (1,'Aplikasi Online Restaurant','<p>M-Food merupakan aplikasi yang dirancang khusus untuk order makanan online berbasis web mobile. Dirancang dengan menggunakan jquery mobile dan codeigniter dengan icon dari font awesome sehingga mudah dikembangkan oleh developer manapun.</p>\r\n\r\n<p>Aplikasi ini mengelompokkan menu berdasarkan makanan, minuman, hot promo, dan favorit.</p>\r\n\r\n<p>Adapun fitur dari aplikasi ini adalah sebagai berikut:</p>\r\n\r\n<p>1 Dashboard (Grafik Penjualan, Garfik Pelanggan, Lates Order, Lates Pelanggan)</p>\r\n\r\n<p>2 Management Pengguna</p>\r\n\r\n<p>3 Management Menu (Makanan/Minuman)</p>\r\n\r\n<p>4 Management Pelanggan</p>\r\n\r\n<p>5 Management Order</p>\r\n\r\n<p>6 Management Konfirmasi Pembayaran</p>\r\n\r\n<p>7 Management Rekening Bank</p>\r\n\r\n<p>8 Management Gallery</p>\r\n\r\n<p>9 Management Status Order</p>\r\n\r\n<p>Info lebih lebih lanjut kunjungi www.mfikri.com</p>\r\n','2017-07-20 03:53:59','M Fikri Setiadi','943df63e4b65040f584f0f8df4897b89.jpg',2),(3,'Point Of Sale','<p>Aplikasi Point of sale merupakan sebuah aplikasi yang dirancang khusus untuk mempermudah dan mempercepat proses transakasi penjualan. Dirancang menggunakan framework Codeigniter dengan konsep metro design yang elegan menjadi daya tarik aplikasi ini. Selain itu, basic design dari aplikasi ini menggunakan BOOTSTRAP sehingga memudahkan web developer untuk mengembangkan design aplikasi ini menjadi lebih menarik lagi.</p>\r\n\r\n<p>Proses transakasi penjualan dan pembelian menggunakan AJAX &nbsp;(<em>Asyncronous Javascript and XML</em>). Memungkinkan user berkomunikasi dengan database tanpa <em>reload page</em>.</p>\r\n\r\n<p>Adapun fitur dari aplikasi ini sebagai berikut:</p>\r\n\r\n<p>1. Management data barang</p>\r\n\r\n<p>2. Management data kategori</p>\r\n\r\n<p>3. Management User (Pengguna)</p>\r\n\r\n<p>4. Management Suplier</p>\r\n\r\n<p>5. Transaksi Pembelian</p>\r\n\r\n<p>7. Transaksi Penjualan Eceran dan Grosir</p>\r\n\r\n<p>8. Retur Penjualan</p>\r\n\r\n<p>9. Laporan Data Barang</p>\r\n\r\n<p>10. Laporan Stok Barang</p>\r\n\r\n<p>11. Laporan Penjualan</p>\r\n\r\n<p>12. Laporan Penjualan Per Tanggal</p>\r\n\r\n<p>13. Laporan Penjualan Per Bulan</p>\r\n\r\n<p>14. Laporan Penjualan Per Tahun</p>\r\n\r\n<p>15. Laporan Laba / Rugi</p>\r\n\r\n<p>16. Grafik Stok Barang</p>\r\n\r\n<p>17. Grafik Penjualan Per Bulan</p>\r\n\r\n<p>18. Grafik Penjualan Per Tahun</p>\r\n','2017-07-20 07:23:14','M Fikri Setiadi','cdfd50f2629c6bbe82fb131866632484.jpg',2),(4,'Website Tour and Travel','<p>Download source code Tour and Travel. M-Travel merupakan Source Code Open Source berbasis web untuk company profil tour and travel yang menyajikan informasi dan paket wisata pilihan. Dimana para wisatawan dapat membooking paket wisata yang diinginkan secara online. Source Code ini mendukung berbagai macam metode pembayaran, dan lebih lagi metode pembayaran dapat ditambahkan sesuai kebutuhan.</p>\r\n\r\n<p>Source Code ini dibangun menggunakan PHP framework Codeigniter v2.2.6, dirancang menggunakan bahasa pemrograman umum sehingga code program mudah dipelajari oleh developer web lain sehingga mudah untuk dikembangkan oleh pihak lain.</p>\r\n\r\n<p>Selain itu, source code ini tidak menggunakan Active Record, sehingga semua query mudah dibaca dan di pelajari.</p>\r\n\r\n<p>Backend dari Source Code ini dibangun menggunakan template Admin LTE, yaitu template yang sangat umum bagi developer web saat ini. Selain itu, source code ini juga menggunakan <strong>Toast Message</strong> untuk menampilkan pesan. Hal itulah yang membuat souce code ini menjadi &ldquo;Pretty Awesome&rdquo;.</p>\r\n\r\n<p>Frontend dari source code ini dibangun menggunakan premium template. Dalam arti kata template BERBAYAR. Hhmm.., beruntunglah Anda bisa menemukan source code ini, karena penulis membagikan tidak hanya templatenya, akan tetapi program komplit secara Cuma-Cuma alias GRATISS.</p>\r\n','2017-07-20 07:25:06','M Fikri Setiadi','324939fd8aa9d77805b5ff85706e3319.jpg',2),(5,'Coffee Break','<p>Ini adalah deskripsi. Ini adalah deskripsi. Ini adalah deskripsi. Ini adalah deskripsi. Ini adalah deskripsi. Ini adalah deskripsi.Ini adalah deskripsi.Ini adalah deskripsi.Ini adalah deskripsi.Ini adalah deskripsi.Ini adalah deskripsi.Ini adalah deskripsi.Ini adalah deskripsi.Ini adalah deskripsi.Ini adalah deskripsi.Ini adalah deskripsi.Ini adalah deskripsi.Ini adalah deskripsi.</p>\r\n\r\n<p>Ini adalah deskripsi.Ini adalah deskripsi.Ini adalah deskripsi.Ini adalah deskripsi.Ini adalah deskripsi.Ini adalah deskripsi.Ini adalah deskripsi.Ini adalah deskripsi.Ini adalah deskripsi.Ini adalah deskripsi.Ini adalah deskripsi.Ini adalah deskripsi.Ini adalah deskripsi.</p>\r\n','2017-08-29 13:29:02','Administrator','412def248ed842df62a92568ec438318.jpg',1),(6,'Awesome Design','<p>Ini adalah deskripsi&nbsp;Ini adalah deskripsiIni adalah deskripsiIni adalah deskripsiIni adalah deskripsiIni adalah deskripsiIni adalah deskripsiIni adalah deskripsiIni adalah deskripsiIni adalah deskripsiIni adalah deskripsiIni adalah deskripsiIni adalah deskripsiIni adalah deskripsiIni adalah deskripsiIni adalah deskripsiIni adalah deskripsiIni adalah deskripsiIni adalah deskripsi&nbsp;Ini adalah deskripsi&nbsp;Ini adalah deskripsi&nbsp;Ini adalah deskripsiIni adalah deskripsiIni adalah deskripsiIni adalah deskripsiIni adalah deskripsiIni adalah deskripsiIni adalah deskripsiIni adalah deskripsiIni adalah deskripsiIni adalah deskripsiIni adalah deskripsi&nbsp;Ini adalah deskripsi&nbsp;Ini adalah deskripsi.</p>\r\n\r\n<p>Ini adalah deskripsi Ini adalah deskripsi Ini adalah deskripsi Ini adalah deskripsi Ini adalah deskripsi Ini adalah deskripsi Ini adalah deskripsi.</p>\r\n','2017-08-29 13:31:55','Administrator','7b45aa76c8fd4d3c476fece1fb9733e3.jpg',1),(7,'Prewedding Labuan Bajo','<p>Ini adalah deskripsi Ini adalah deskripsi Ini adalah deskripsi Ini adalah deskripsi Ini adalah deskripsi Ini adalah deskripsi Ini adalah deskripsi Ini adalah deskripsi Ini adalah deskripsi Ini adalah deskripsi Ini adalah deskripsi Ini adalah deskripsi Ini adalah deskripsi Ini adalah deskripsi Ini adalah deskripsi Ini adalah deskripsi Ini adalah deskripsi Ini adalah deskripsi Ini adalah deskripsi.</p>\r\n\r\n<p>Ini adalah deskripsi Ini adalah deskripsi Ini adalah deskripsi Ini adalah deskripsi Ini adalah deskripsi Ini adalah deskripsi Ini adalah deskripsi Ini adalah deskripsi Ini adalah deskripsi Ini adalah deskripsi Ini adalah deskripsi Ini adalah deskripsi Ini adalah deskripsi Ini adalah deskripsi Ini adalah deskripsi.</p>\r\n\r\n<p>Ini adalah deskripsi Ini adalah deskripsi Ini adalah deskripsi Ini adalah deskripsi Ini adalah deskripsi Ini adalah deskripsi Ini adalah deskripsi Ini adalah deskripsi.</p>\r\n','2017-08-29 13:33:57','Administrator','2f0a7a224cb405d51b5ed19ac9072a36.jpg',2),(8,'Weeding','<p>Weeding&nbsp;Weeding&nbsp;Weeding&nbsp;Weeding&nbsp;Weeding&nbsp;Weeding&nbsp;Weeding&nbsp;Weeding&nbsp;Weeding&nbsp;Weeding&nbsp;Weeding&nbsp;Weeding&nbsp;Weeding&nbsp;Weeding&nbsp;Weeding&nbsp;Weeding&nbsp;Weeding&nbsp;Weeding&nbsp;Weeding&nbsp;Weeding&nbsp;Weeding&nbsp;Weeding&nbsp;Weeding&nbsp;Weeding&nbsp;Weeding&nbsp;Weeding&nbsp;Weeding&nbsp;Weeding&nbsp;Weeding&nbsp;Weeding&nbsp;Weeding&nbsp;Weeding&nbsp;Weeding&nbsp;Weeding&nbsp;Weeding&nbsp;Weeding&nbsp;Weeding&nbsp;Weeding&nbsp;Weeding&nbsp;Weeding&nbsp;Weeding&nbsp;Weeding&nbsp;Weeding&nbsp;Weeding&nbsp;Weeding&nbsp;Weeding&nbsp;Weeding&nbsp;Weeding&nbsp;Weeding&nbsp;Weeding&nbsp;Weeding&nbsp;Weeding&nbsp;Weeding&nbsp;Weeding&nbsp;Weeding&nbsp;Weeding&nbsp;Weeding&nbsp;Weeding&nbsp;Weeding&nbsp;Weeding&nbsp;Weeding&nbsp;Weeding&nbsp;Weeding&nbsp;Weeding&nbsp;Weeding&nbsp;Weeding&nbsp;Weeding&nbsp;Weeding&nbsp;Weeding&nbsp;Weeding&nbsp;Weeding&nbsp;Weeding&nbsp;Weeding&nbsp;Weeding&nbsp;Weeding&nbsp;Weeding&nbsp;Weeding&nbsp;Weeding&nbsp;Weeding&nbsp;Weeding&nbsp;Weeding&nbsp;Weeding&nbsp;Weeding&nbsp;Weeding&nbsp;Weeding&nbsp;Weeding&nbsp;Weeding&nbsp;Weeding&nbsp;Weeding&nbsp;Weeding&nbsp;Weeding&nbsp;Weeding&nbsp;Weeding&nbsp;Weeding&nbsp;Weeding&nbsp;Weeding&nbsp;Weeding&nbsp;Weeding&nbsp;Weeding&nbsp;Weeding&nbsp;Weeding&nbsp;Weeding&nbsp;Weeding&nbsp;Weeding&nbsp;Weeding&nbsp;Weeding&nbsp;Weeding&nbsp;Weeding&nbsp;Weeding&nbsp;Weeding&nbsp;Weeding&nbsp;Weeding&nbsp;Weeding&nbsp;Weeding&nbsp;Weeding&nbsp;Weeding&nbsp;Weeding&nbsp;Weeding&nbsp;Weeding&nbsp;Weeding&nbsp;Weeding&nbsp;Weeding&nbsp;Weeding&nbsp;Weeding&nbsp;</p>\r\n','2019-07-04 17:42:42','Administrator','2cca9f0b2c8cb5fce9f4a396f56e836e.jpg',3),(9,'Weeding ','<p>Weeding&nbsp;Weeding&nbsp;Weeding&nbsp;Weeding&nbsp;Weeding&nbsp;Weeding&nbsp;Weeding&nbsp;Weeding&nbsp;Weeding&nbsp;Weeding&nbsp;Weeding&nbsp;Weeding&nbsp;Weeding&nbsp;Weeding&nbsp;Weeding&nbsp;Weeding&nbsp;Weeding&nbsp;Weeding&nbsp;Weeding&nbsp;Weeding&nbsp;Weeding&nbsp;Weeding&nbsp;Weeding&nbsp;Weeding&nbsp;Weeding&nbsp;Weeding&nbsp;Weeding&nbsp;Weeding&nbsp;Weeding&nbsp;Weeding&nbsp;Weeding&nbsp;Weeding&nbsp;Weeding&nbsp;Weeding&nbsp;Weeding&nbsp;Weeding&nbsp;Weeding&nbsp;Weeding&nbsp;Weeding&nbsp;Weeding&nbsp;Weeding&nbsp;Weeding&nbsp;Weeding&nbsp;Weeding&nbsp;Weeding&nbsp;Weeding&nbsp;Weeding&nbsp;Weeding&nbsp;Weeding&nbsp;Weeding&nbsp;Weeding&nbsp;Weeding&nbsp;Weeding&nbsp;Weeding&nbsp;Weeding&nbsp;Weeding&nbsp;</p>\r\n','2019-07-04 17:43:30','Administrator','3a1402e7ac0d4080d30d66962f7486e8.jpg',3),(10,'Weeding ','<p>Weeding&nbsp;Weeding&nbsp;Weeding&nbsp;Weeding&nbsp;Weeding&nbsp;Weeding&nbsp;Weeding&nbsp;Weeding&nbsp;Weeding&nbsp;Weeding&nbsp;Weeding&nbsp;Weeding&nbsp;Weeding&nbsp;Weeding&nbsp;Weeding&nbsp;Weeding&nbsp;Weeding&nbsp;Weeding&nbsp;Weeding&nbsp;Weeding&nbsp;Weeding&nbsp;Weeding&nbsp;Weeding&nbsp;Weeding&nbsp;Weeding&nbsp;Weeding&nbsp;Weeding&nbsp;Weeding&nbsp;Weeding&nbsp;Weeding&nbsp;Weeding&nbsp;Weeding&nbsp;Weeding&nbsp;Weeding&nbsp;Weeding&nbsp;Weeding&nbsp;Weeding&nbsp;Weeding&nbsp;Weeding&nbsp;Weeding&nbsp;Weeding&nbsp;Weeding&nbsp;Weeding&nbsp;Weeding&nbsp;Weeding&nbsp;Weeding&nbsp;Weeding&nbsp;Weeding&nbsp;Weeding&nbsp;Weeding&nbsp;Weeding&nbsp;Weeding&nbsp;Weeding&nbsp;Weeding&nbsp;Weeding&nbsp;Weeding&nbsp;Weeding&nbsp;Weeding&nbsp;Weeding&nbsp;Weeding&nbsp;Weeding&nbsp;Weeding&nbsp;Weeding&nbsp;Weeding&nbsp;Weeding&nbsp;Weeding&nbsp;Weeding&nbsp;Weeding&nbsp;Weeding&nbsp;Weeding&nbsp;Weeding&nbsp;Weeding&nbsp;Weeding&nbsp;Weeding&nbsp;Weeding&nbsp;Weeding&nbsp;Weeding&nbsp;Weeding&nbsp;Weeding&nbsp;Weeding&nbsp;Weeding&nbsp;Weeding&nbsp;Weeding&nbsp;Weeding&nbsp;Weeding&nbsp;Weeding&nbsp;Weeding&nbsp;Weeding&nbsp;Weeding&nbsp;Weeding&nbsp;Weeding&nbsp;Weeding&nbsp;Weeding&nbsp;Weeding&nbsp;Weeding&nbsp;Weeding&nbsp;Weeding&nbsp;Weeding&nbsp;Weeding&nbsp;Weeding&nbsp;Weeding&nbsp;Weeding&nbsp;Weeding&nbsp;Weeding&nbsp;Weeding&nbsp;Weeding&nbsp;Weeding&nbsp;Weeding&nbsp;Weeding&nbsp;Weeding&nbsp;Weeding&nbsp;Weeding&nbsp;Weeding&nbsp;Weeding&nbsp;Weeding&nbsp;Weeding&nbsp;Weeding&nbsp;Weeding&nbsp;</p>\r\n','2019-07-04 17:43:53','Administrator','37484c6ab9f0399a4ba98337585b2492.jpg',3),(11,'Travelling','<p>TravellingTravellingTravellingTravellingTravellingTravellingTravellingTravellingTravellingTravellingTravellingTravellingTravellingTravellingTravellingTravellingTravelling</p>\r\n','2019-07-04 21:07:20','Administrator','0bb088cc79af0c78c94eb2d146d7fecb.jpg',1);
/*!40000 ALTER TABLE `tbl_portfolio` ENABLE KEYS */;
UNLOCK TABLES;

--
-- Table structure for table `tbl_post_rating`
--

DROP TABLE IF EXISTS `tbl_post_rating`;
/*!40101 SET @saved_cs_client     = @@character_set_client */;
/*!40101 SET character_set_client = utf8 */;
CREATE TABLE `tbl_post_rating` (
  `rate_id` int(11) NOT NULL AUTO_INCREMENT,
  `rate_tanggal` timestamp NULL DEFAULT CURRENT_TIMESTAMP,
  `rate_ip` varchar(40) DEFAULT NULL,
  `rate_point` int(11) DEFAULT NULL,
  `rate_tulisan_id` int(11) DEFAULT NULL,
  PRIMARY KEY (`rate_id`)
) ENGINE=InnoDB AUTO_INCREMENT=35 DEFAULT CHARSET=latin1;
/*!40101 SET character_set_client = @saved_cs_client */;

--
-- Dumping data for table `tbl_post_rating`
--

LOCK TABLES `tbl_post_rating` WRITE;
/*!40000 ALTER TABLE `tbl_post_rating` DISABLE KEYS */;
INSERT INTO `tbl_post_rating` VALUES (2,'2017-08-07 05:58:14','::1',1,30),(4,'2017-08-07 05:59:03','::1',1,29),(5,'2017-08-07 06:23:40','::1',3,31),(6,'2017-08-07 06:26:14','::1',4,28),(7,'2017-08-08 01:15:56','::1',2,27),(8,'2017-08-25 18:20:57','::1',4,26),(9,'2019-06-29 17:29:50','127.0.0.1',2,31),(10,'2019-07-04 17:27:49','110.139.75.95',2,31),(11,'2019-07-06 21:37:56','66.249.64.41',3,25),(12,'2019-07-06 21:38:27','66.249.64.41',1,31),(13,'2019-07-06 21:38:33','66.249.64.41',3,30),(14,'2019-07-06 21:38:38','66.249.64.41',2,29),(15,'2019-07-09 03:50:12','66.249.79.75',3,28),(16,'2019-07-09 03:50:31','66.249.79.73',1,28),(17,'2019-07-09 03:51:29','66.249.79.75',3,26),(18,'2019-07-09 03:51:48','66.249.79.73',1,26),(19,'2019-07-09 03:52:07','66.249.79.77',2,26),(20,'2019-07-09 03:52:46','66.249.79.73',2,27),(21,'2019-07-09 03:53:06','66.249.79.77',3,27),(22,'2019-07-18 21:44:05','66.249.75.91',4,35),(23,'2019-07-20 05:04:29','66.249.79.75',3,35),(24,'2019-07-20 05:04:50','66.249.79.73',2,35),(25,'2019-07-20 05:06:46','66.249.79.73',3,36),(26,'2019-07-20 05:09:21','66.249.79.75',1,37),(27,'2019-07-20 05:10:30','66.249.79.73',2,37),(28,'2019-07-20 05:11:06','66.249.79.73',3,32),(29,'2019-07-20 05:11:14','66.249.79.75',2,32),(30,'2019-07-20 05:11:28','66.249.79.73',1,34),(31,'2019-07-20 05:13:08','66.249.79.75',3,33),(32,'2019-07-20 05:14:01','66.249.79.75',4,34),(33,'2019-07-20 05:14:42','66.249.79.73',2,33),(34,'2019-07-21 04:05:31','66.249.73.8',4,33);
/*!40000 ALTER TABLE `tbl_post_rating` ENABLE KEYS */;
UNLOCK TABLES;

--
-- Table structure for table `tbl_post_views`
--

DROP TABLE IF EXISTS `tbl_post_views`;
/*!40101 SET @saved_cs_client     = @@character_set_client */;
/*!40101 SET character_set_client = utf8 */;
CREATE TABLE `tbl_post_views` (
  `views_id` int(11) NOT NULL AUTO_INCREMENT,
  `views_tanggal` timestamp NULL DEFAULT CURRENT_TIMESTAMP,
  `views_ip` varchar(40) DEFAULT NULL,
  `views_tulisan_id` int(11) DEFAULT NULL,
  PRIMARY KEY (`views_id`)
) ENGINE=InnoDB AUTO_INCREMENT=120 DEFAULT CHARSET=latin1;
/*!40101 SET character_set_client = @saved_cs_client */;

--
-- Dumping data for table `tbl_post_views`
--

LOCK TABLES `tbl_post_views` WRITE;
/*!40000 ALTER TABLE `tbl_post_views` DISABLE KEYS */;
INSERT INTO `tbl_post_views` VALUES (1,'2017-08-07 07:28:38','::1',31),(2,'2017-08-07 07:28:51','::1',30),(3,'2017-08-07 13:08:57','::1',27),(4,'2017-08-07 15:55:32','::1',28),(5,'2017-08-07 16:02:55','::1',29),(6,'2017-08-08 00:58:17','::1',26),(7,'2017-08-08 01:13:58','::1',27),(8,'2017-08-08 01:16:07','::1',30),(9,'2017-08-09 13:04:36','::1',30),(10,'2017-08-11 06:56:47','::1',31),(11,'2017-08-11 08:42:41','::1',30),(12,'2017-08-11 08:42:47','::1',27),(13,'2017-08-11 08:42:54','::1',26),(14,'2017-08-11 08:43:00','::1',28),(15,'2017-08-11 08:43:07','::1',25),(16,'2017-08-11 08:43:10','::1',29),(17,'2017-08-24 16:39:13','::1',31),(18,'2017-08-24 16:39:13','::1',0),(19,'2017-08-24 16:39:13','::1',0),(20,'2017-08-24 16:39:13','::1',0),(21,'2017-08-24 17:00:21','::1',31),(22,'2017-08-24 17:00:22','::1',0),(23,'2017-08-25 13:49:50','::1',30),(24,'2017-08-25 17:22:19','::1',30),(25,'2017-08-25 17:22:20','::1',0),(26,'2017-08-25 17:25:14','::1',27),(27,'2017-08-25 17:27:37','::1',26),(28,'2017-08-25 17:45:38','::1',25),(29,'2017-08-25 17:54:57','::1',29),(30,'2017-08-25 18:18:38','::1',31),(31,'2017-08-25 18:19:02','::1',28),(32,'2017-08-27 12:43:48','::1',30),(33,'2017-08-27 12:43:49','::1',0),(34,'2017-08-28 07:35:26','::1',31),(35,'2017-08-29 03:13:08','::1',30),(36,'2017-08-29 03:13:09','::1',0),(37,'2017-08-29 03:13:16','::1',29),(38,'2017-08-29 13:44:05','::1',31),(39,'2017-09-01 13:52:01','::1',30),(40,'2017-09-01 13:52:01','::1',0),(41,'2017-09-01 14:00:27','::1',25),(42,'2017-09-02 04:50:46','::1',31),(43,'2017-09-02 04:50:46','::1',0),(44,'2017-09-02 04:51:23','::1',28),(45,'2017-10-08 00:25:57','::1',25),(46,'2017-10-08 00:25:57','::1',0),(47,'2017-10-16 03:19:53','::1',31),(48,'2017-10-16 03:19:54','::1',0),(49,'2017-10-16 03:20:18','::1',25),(50,'2017-10-28 00:13:13','::1',30),(51,'2017-10-28 00:13:14','::1',0),(52,'2017-10-29 04:16:58','::1',30),(53,'2017-10-29 04:16:59','::1',0),(54,'2017-10-29 04:23:42','::1',31),(55,'2019-06-29 17:29:44','127.0.0.1',31),(56,'2019-06-29 17:29:44','127.0.0.1',0),(57,'2019-06-29 18:39:11','127.0.0.1',27),(58,'2019-06-29 18:40:03','127.0.0.1',29),(59,'2019-07-04 16:57:43','110.139.75.95',31),(60,'2019-07-04 16:58:35','110.139.75.95',25),(61,'2019-07-04 16:58:38','110.139.75.95',0),(62,'2019-07-04 16:59:00','110.139.75.95',26),(63,'2019-07-04 17:20:12','110.139.75.95',31),(64,'2019-07-04 17:20:13','110.139.75.95',0),(65,'2019-07-04 21:50:48','110.139.75.95',28),(66,'2019-07-06 21:37:12','66.249.64.41',31),(67,'2019-07-06 21:37:17','66.249.64.41',29),(68,'2019-07-06 21:37:23','66.249.64.41',30),(69,'2019-07-06 21:37:32','66.249.64.41',0),(70,'2019-07-06 21:37:36','66.249.64.41',25),(71,'2019-07-06 21:37:49','66.249.64.41',28),(72,'2019-07-06 21:37:51','66.249.64.41',26),(73,'2019-07-06 21:37:54','66.249.64.41',27),(74,'2019-07-06 21:38:04','66.249.64.45',25),(75,'2019-07-08 16:09:44','36.82.103.78',31),(76,'2019-07-08 16:09:46','36.82.103.78',0),(77,'2019-07-09 03:50:13','66.249.79.73',28),(78,'2019-07-09 03:51:10','66.249.79.75',28),(79,'2019-07-09 03:51:29','66.249.79.75',26),(80,'2019-07-09 03:51:49','66.249.79.73',26),(81,'2019-07-09 03:52:46','66.249.79.73',27),(82,'2019-07-17 03:58:50','202.67.41.30',29),(83,'2019-07-17 03:58:52','202.67.41.30',0),(84,'2019-07-17 04:14:48','202.67.41.30',31),(85,'2019-07-17 05:44:06','202.67.46.7',31),(86,'2019-07-17 05:44:07','202.67.46.7',0),(87,'2019-07-17 06:24:02','202.67.46.7',28),(88,'2019-07-17 06:29:00','202.67.46.7',30),(89,'2019-07-17 06:49:13','202.67.46.7',32),(90,'2019-07-17 07:09:27','202.67.46.7',33),(91,'2019-07-17 07:29:04','202.67.46.7',35),(92,'2019-07-17 07:47:11','202.67.46.7',37),(93,'2019-07-17 07:48:08','202.67.46.7',36),(94,'2019-07-17 07:52:31','202.67.46.7',34),(95,'2019-07-18 04:20:43','116.206.40.9',37),(96,'2019-07-18 04:20:44','116.206.40.9',0),(97,'2019-07-18 21:35:46','66.249.75.89',37),(98,'2019-07-18 21:37:23','66.249.75.91',35),(99,'2019-07-18 21:38:24','66.249.75.89',36),(100,'2019-07-18 21:38:41','66.249.75.89',0),(101,'2019-07-18 21:44:06','66.249.75.89',35),(102,'2019-07-19 03:28:06','66.249.75.90',0),(103,'2019-07-19 03:29:42','66.249.75.91',0),(104,'2019-07-20 05:04:30','66.249.79.77',35),(105,'2019-07-20 05:04:50','66.249.79.73',35),(106,'2019-07-20 05:05:53','66.249.79.73',27),(107,'2019-07-20 05:07:12','66.249.79.75',36),(108,'2019-07-20 05:07:30','66.249.79.73',36),(109,'2019-07-20 05:08:46','66.249.79.75',32),(110,'2019-07-20 05:09:21','66.249.79.75',37),(111,'2019-07-20 05:09:37','66.249.79.73',34),(112,'2019-07-20 05:10:07','66.249.79.77',33),(113,'2019-07-20 05:10:30','66.249.79.73',37),(114,'2019-07-20 05:11:06','66.249.79.73',32),(115,'2019-07-20 05:11:43','66.249.79.73',28),(116,'2019-07-20 05:13:09','66.249.79.73',33),(117,'2019-07-21 04:05:32','66.249.73.12',33),(118,'2019-07-25 04:58:38','202.80.217.172',36),(119,'2019-07-25 04:58:40','202.80.217.172',0);
/*!40000 ALTER TABLE `tbl_post_views` ENABLE KEYS */;
UNLOCK TABLES;

--
-- Table structure for table `tbl_testimoni`
--

DROP TABLE IF EXISTS `tbl_testimoni`;
/*!40101 SET @saved_cs_client     = @@character_set_client */;
/*!40101 SET character_set_client = utf8 */;
CREATE TABLE `tbl_testimoni` (
  `testimoni_id` int(11) NOT NULL AUTO_INCREMENT,
  `testimoni_nama` varchar(30) DEFAULT NULL,
  `testimoni_isi` varchar(120) DEFAULT NULL,
  `testimoni_email` varchar(35) DEFAULT NULL,
  `testimoni_tanggal` timestamp NULL DEFAULT CURRENT_TIMESTAMP,
  PRIMARY KEY (`testimoni_id`)
) ENGINE=InnoDB DEFAULT CHARSET=latin1;
/*!40101 SET character_set_client = @saved_cs_client */;

--
-- Dumping data for table `tbl_testimoni`
--

LOCK TABLES `tbl_testimoni` WRITE;
/*!40000 ALTER TABLE `tbl_testimoni` DISABLE KEYS */;
/*!40000 ALTER TABLE `tbl_testimoni` ENABLE KEYS */;
UNLOCK TABLES;

--
-- Table structure for table `tbl_tulisan`
--

DROP TABLE IF EXISTS `tbl_tulisan`;
/*!40101 SET @saved_cs_client     = @@character_set_client */;
/*!40101 SET character_set_client = utf8 */;
CREATE TABLE `tbl_tulisan` (
  `tulisan_id` int(11) NOT NULL AUTO_INCREMENT,
  `tulisan_judul` varchar(200) DEFAULT NULL,
  `tulisan_isi` text,
  `tulisan_tanggal` timestamp NULL DEFAULT CURRENT_TIMESTAMP,
  `tulisan_kategori_id` int(11) DEFAULT NULL,
  `tulisan_kategori_nama` varchar(30) DEFAULT NULL,
  `tulisan_views` int(11) DEFAULT '0',
  `tulisan_gambar` varchar(40) DEFAULT NULL,
  `tulisan_pengguna_id` int(11) DEFAULT NULL,
  `tulisan_author` varchar(40) DEFAULT NULL,
  `tulisan_img_slider` int(2) NOT NULL DEFAULT '0',
  `tulisan_slug` varchar(250) DEFAULT NULL,
  `tulisan_rating` int(11) DEFAULT '0',
  PRIMARY KEY (`tulisan_id`),
  KEY `tulisan_kategori_id` (`tulisan_kategori_id`),
  KEY `tulisan_pengguna_id` (`tulisan_pengguna_id`)
) ENGINE=InnoDB AUTO_INCREMENT=38 DEFAULT CHARSET=latin1;
/*!40101 SET character_set_client = @saved_cs_client */;

--
-- Dumping data for table `tbl_tulisan`
--

LOCK TABLES `tbl_tulisan` WRITE;
/*!40000 ALTER TABLE `tbl_tulisan` DISABLE KEYS */;
INSERT INTO `tbl_tulisan` VALUES (26,'20 Pose Foto Pre Wedding Romantis, Unik, dan Lucu','<p>Foto pre wedding&nbsp;atau&nbsp;prewedding casual, foto prewedding romantis, foto prewedding unik akan dipajang di undangan, resepsi pernikahan, hingga rumah Anda bersama pasangan. Selain mengambil lokasi pemotretan di dalam ruangan, ternyata mengambil potret di luar ruangan juga cukup populer dilakukan oleh para pasangan yang ingin melangsungkan foto pre wedding atau prewedding casual, foto prewedding romantis, foto prewedding unik.</p>\r\n\r\n<p>Seperti yang telah banyak dilakukan oleh pasangan-pasangan pada umumnya, foto pre wedding atau&nbsp;prewedding casual,&nbsp;<strong>foto prewedding</strong>&nbsp;romantis, foto prewedding unik terasa membosankan jika Anda tidak memiliki konsep prewedding casual yang baru. Biasanya para pasangan akan memilih tempat yang indah, berpose mesra dan calon mempelai akan mengenakan gaun.</p>\r\n\r\n<p>Sungguh terlihat biasa-biasa saja dan sudah mainstream bukan? Namun, baru-baru ini pasangan Jackie Nguyen dan Nate Huntley telah memberikan pencerahan bagi para fotografer pre-wedding mengenai konsep pre wedding unik dan lucu indoor yang baru. Sepasang pasangan calon suami istri tersebut benar-benar mengambil konsep yang antimainstream seperti&nbsp;prewedding casual,&nbsp;<strong>foto prewedding</strong>&nbsp;romantis, foto prewedding unik</p>\r\n\r\n<p>Mereka melakukan&nbsp;<strong>foto prewedding</strong>&nbsp;atau&nbsp;prewedding casual, foto prewedding romantis, foto prewedding unik yang lucu tidak dengan busana gaun atau jas, serta tidak juga berpose mesra seperti pasangan yang akan menikah pada umumnya. Pokoknya unik dan tentunya beda dari pasangan lainnya.</p>\r\n\r\n<p><img alt=\"prewedding casual, foto prewedding romantis, foto prewedding unik\" src=\"https://mamikos.com/info/wp-content/uploads/2018/04/grace-and-daniel-prewedding-05.jpg\" style=\"height:299px; width:448px\" /></p>\r\n\r\n<p>Tertarik memiliki&nbsp;<strong>foto pre wedding&nbsp;</strong>&nbsp;atau prewedding casual, foto prewedding romantis, foto prewedding unikdengan gaya pre wedding yang keren? Berikut Mamikos berikan ide konsep serta pose foto prewed romantis, unik dan lucu seperti para pasangan baru lainnya? Mungkin Anda dapat meniru konsep foto prewedding sederhana seperti dibawah ini ya!</p>\r\n\r\n<h2><strong>1. Foto Prewedding Romantis: Pose Seperti Dikejar Dinosaurus</strong></h2>\r\n\r\n<p><img alt=\"prewedding casual, foto prewedding romantis, foto prewedding unik\" src=\"https://mamikos.com/info/wp-content/uploads/2018/04/1-3.jpg\" style=\"height:289px; width:450px\" /></p>\r\n\r\n<p>Pose unik seperti diatas ini mungkin sebelumnya tidak penah Anda sangka bukan akan menjadi pose foto pre wedding atau&nbsp;prewedding casual, foto prewedding romantis, foto prewedding unik Anda nantinya? Bagaimana? Cukup unik dan tetap terkesan romantis bukan? Tak ada salahnya Anda mencontoh pose seperti Jackie Nguyen dan Nate Huntley di bawah ini sebagai pose foto pre wedding atau&nbsp;prewedding casual, foto prewedding romantis, foto prewedding unik Anda bukan.</p>\r\n\r\n<h2><strong>2. Foto Prewedding Romantis: Berpose Di Bawah Air</strong></h2>\r\n\r\n<p><img alt=\"prewedding casual, foto prewedding romantis, foto prewedding unik\" src=\"https://mamikos.com/info/wp-content/uploads/2018/04/2-4.jpg\" style=\"height:374px; width:451px\" /></p>\r\n\r\n<p>Tak ingin melihat foto pre wedding atau&nbsp;prewedding casual, foto prewedding romantis, foto prewedding unik Anda membosankan dan main stream? Mungkin Anda bisa melakukan sesi foto pre wedding atau&nbsp;prewedding casual, foto prewedding romantis, foto prewedding unik dan berpose seperti akan sedang dinner di bawah air. Bagaimana? Cukup menggagumkan bukan?</p>\r\n\r\n<h2><strong>3. Foto Prewedding Romantis: Pose menggendong calon pengantin wanita</strong></h2>\r\n\r\n<p><img alt=\"prewedding casual, foto prewedding romantis, foto prewedding unik\" src=\"https://mamikos.com/info/wp-content/uploads/2018/04/chelsea-olivia-glenn-alinskie-20150713-012-rita-6c50ad7e0b15892f6428c718b314b179.jpg\" style=\"height:300px; width:450px\" /></p>\r\n\r\n<p>Bagaimana dengan pose diatas seperi Glenn Alinskie dan Chelsea Olivia? Cukup unik dan lucu tapi juga tetap romantis bukan? Tak ada salahnya Anda mengikuti pose pre wedding atau&nbsp;prewedding casual, foto prewedding romantis, foto prewedding unik seperti foto diatas jika Anda ingin foto pre wedding Anda tidak mainstream.</p>\r\n\r\n<h2><strong>4. Foto Prewedding Romantis: Pose Foto Meniru Gaya si Penjahat di Film Home Alone</strong></h2>\r\n\r\n<p><img alt=\"prewedding casual, foto prewedding romantis, foto prewedding unik\" src=\"https://mamikos.com/info/wp-content/uploads/2018/04/034079500_1519101936-engagement-photoshoot-pop-culture-pairs-isaac-james-3-5a8a7e4192cd9__700-1.jpg\" style=\"height:254px; width:451px\" /></p>\r\n\r\n<p>Siapa sih yang tidak pernah menonton series &ldquo;Home Alone&rdquo;, tentu Anda juga pasti tak pernah absen bukan menontonnya? Nah, Anda tentu pernah bukan melihat adegan di tv series tersebut seperti di foto atas? Tak ada salahnya Anda mempraktekkan pose tersebut untuk pose foto pre wedding atau&nbsp;prewedding casual, foto prewedding romantis, foto prewedding unik Anda.</p>\r\n\r\n<h2>5.&nbsp;Foto Prewedding Romantis: Konsep Pre wedding dengan berpose memanfaatkan mainan-mainan masa kecil</h2>\r\n\r\n<p><img alt=\"prewedding casual, foto prewedding romantis, foto prewedding unik\" src=\"https://mamikos.com/info/wp-content/uploads/2018/04/about-engagement-bicycle-750x390.jpg\" style=\"height:234px; width:450px\" /></p>\r\n\r\n<p>Tampil menarik saat foto prewedding gak harus selalu bergaya ala orang dewasa, kok. Anda justru bisa memanfaatkan permainan masa anak-anak untuk bergaya di depan kamera. Mungkin dulunya Anda menyukai bermain layang-layang, bersepeda, lompat tali, atau egrang. Nah, sekarang Anda bisa mengajak pasangan Anda untuk tampil dengan mainan kesukaannya. Bernostalgia dengan permainan anak-anak bukan hanya membuat kalian girang, tapi juga mesra dengan cara yang tak biasa.</p>\r\n\r\n<h2><strong>6. Foto Prewedding Romantis: Berpose saja di atas papan tulis bergambar</strong></h2>\r\n\r\n<p><img alt=\"prewedding casual, foto prewedding romantis, foto prewedding unik\" src=\"https://mamikos.com/info/wp-content/uploads/2018/04/Foto-Prewedding-Unik-750x472.jpg\" style=\"height:283px; width:450px\" /></p>\r\n\r\n<p>Apabila Anda tidak ingin panas-panasan di luar ruangan, Anda bisa memanfaatkan studi foto untuk pre wedding Anda. Tanpa melulu pose formal dengan baju ala pengantin, sekarang Anda justru bisa memanfaatkan pakaian kasual dan bergaya dengan tiduran diatas papan tulis bergambar seperti foto diatas ini. Anda bisa bergaya dengan pose-pose aneh serta unik sesuka Anda. Nah, dengan foto prespektif seperti ini, gak jarang foto pre wedding atau&nbsp;prewedding casual, foto prewedding romantis, foto prewedding unik Anda akan tampak lebih menarik.</p>\r\n\r\n<h2><strong>7. Foto Prewedding Romantis: Pose foto seakan-akan sedang&nbsp;memasak</strong></h2>\r\n\r\n<p><img alt=\"prewedding casual, foto prewedding romantis, foto prewedding unik\" src=\"https://mamikos.com/info/wp-content/uploads/2018/04/2017-02-13-15-16-32-chefpastry.jpg\" style=\"height:276px; width:451px\" /></p>\r\n\r\n<p>Tentunya Anda tak melulu harus bergaya peluk-pelukan di dekat pantai untuk foto konsep pre wedding atau&nbsp;prewedding casual, foto prewedding romantis, foto prewedding unik Anda bukan? Momen sehari-hari sebenarnya juga bisa Anda manfaatkan untuk foto yang justru lebih tak terlupakan. Pose foto Anda akan menjadi menarik dengan latar belakang kompor, meja, dan beberapa peralatan masak di kebun terdekat.</p>\r\n\r\n<p>Memasak bersama pasangan di halaman juga akan membuat kalian lebih akrab. Nah, tanpa banyak berpura-pura dan memaksa dalam bergaya di depan kamera, kalian bisa tampil romantis dengan konsep foto seperti ini lho.</p>\r\n\r\n<h2>8. Foto Prewedding Romantis: Pose layaknya&nbsp;Marty McFly dan Doc Brown dari film Back to the Future</h2>\r\n\r\n<p><img alt=\"prewedding casual, foto prewedding romantis, foto prewedding unik\" src=\"https://mamikos.com/info/wp-content/uploads/2018/04/1-2-3.jpg\" style=\"height:675px; width:450px\" /></p>\r\n\r\n<p>Pernah menonton cuplikan film &ldquo;Back to the future&rdquo;? Jika iya, pose layaknya sepasang kekasih diatas tentu sudah tidak asing lagi Anda lihat. Tak ada salahnya bukan Anda berpose layaknya pasangan diatas? Cukup unik, lucu, namun kesan romantisnya juga tidak hilang.</p>\r\n\r\n<h2><strong>9. Foto Prewedding Romantis: Pose layaknya&nbsp;Michael Scott dan Dwight Schrute dari serial The Office</strong></h2>\r\n\r\n<p><img alt=\"prewedding casual, foto prewedding romantis, foto prewedding unik\" src=\"https://mamikos.com/info/wp-content/uploads/2018/04/2-2-2.jpg\" style=\"height:299px; width:449px\" /></p>\r\n\r\n<p>Cukup unik bukan berpose seperti Michael Scott dan Dwight Schrute dari serial The Office diatas? Tak ada salahnya Anda mencoba berpose demikan untuk konsep foto pre wedding atau&nbsp;prewedding casual, foto prewedding romantis, foto prewedding unik Anda.</p>\r\n\r\n<h2><strong>10. Foto Prewedding Romantis: Pose seperti&nbsp;Yoko Ono dan John Lennon</strong></h2>\r\n\r\n<p><img alt=\"prewedding casual, foto prewedding romantis, foto prewedding unik\" src=\"https://mamikos.com/info/wp-content/uploads/2018/04/5-2-2.jpg\" style=\"height:300px; width:450px\" /></p>\r\n\r\n<p>Foto: Bored Panda</p>\r\n\r\n<p>Siapa tak kenal dengan musisi terkenal John Lennon? Karyanya yang sudah melegenda membuat ia begitu dikagumi dan dicintai semua orang. Hampir seluruh ciri khas dari musisi yang satu ini diikuti oleh para fansnya seperti cara berpakaian, potongan rambut, bahkan foto ia bersama pasangannya. Bagaimana? Tertarik untuk mencoba berpose ala-ala John Lennon. Cukup menarik bukan?</p>\r\n\r\n<h2><strong>11. Foto Prewedding Romantis: Pose foto layaknya&nbsp;Miranda Hillard dan Mrs. Doubtfire dari film Mrs. Doubtfire</strong></h2>\r\n\r\n<p><img alt=\"prewedding casual, foto prewedding romantis, foto prewedding unik\" src=\"https://mamikos.com/info/wp-content/uploads/2018/04/6-5.jpg\" style=\"height:673px; width:449px\" /></p>\r\n\r\n<p>Film Mrs.Doubtfire&nbsp;yang merupakan sebuah film Amerika Serikat dan telah memenangkan nominasi Academy Award memang selalu ada di hari para fansnya. Pose-pose para pemain dalam film yang disutradarai oleh Chris Columbus ini pun turut menjadi konsep terbaru dalam foto pre wedding. Tertarik mencobanya? Anda bisa menirukan pose seperti foto diatas ini. Unik bukan?</p>\r\n\r\n<h2><strong>12. Foto Prewedding Romantis: Pose Foto Layaknya Peggy Carter dan Sang Kapten Amerika</strong></h2>\r\n\r\n<p><img alt=\"prewedding casual, foto prewedding romantis, foto prewedding unik\" src=\"https://mamikos.com/info/wp-content/uploads/2018/04/8-3.jpg\" style=\"height:300px; width:450px\" /></p>\r\n\r\n<p>Terlihat seru banget ya teman-teman? Namun, keseruan tidak berhenti di situ loh. Menurut Jackie, hari pernikahan mereka akan lebih seru bagaikan Chex Mix Willy Wonka bertemu keajaiban carnival Natal. Kedengarannya seru banget ya Ladies. Namun sayangnya Jackie belum dapat membocorkan detail hari besarnya tersebut. Tergila-gila dengan pahlawan superhero diatas? Tak ada salahnya Anda berpose layaknya kapten Amerika tersebut sebagai konsep foto pre wedding Anda.</p>\r\n\r\n<h2><strong>13. Foto Prewedding Romantis: Pose&nbsp;Seolah-olah menyiram tanaman bikin foto pre wedding Anda tidak terlihat berlebihan</strong></h2>\r\n\r\n<p><img alt=\"prewedding casual, foto prewedding romantis, foto prewedding unik\" src=\"https://mamikos.com/info/wp-content/uploads/2018/04/a-1.jpg\" style=\"height:300px; width:450px\" /></p>\r\n\r\n<p>Mengabadikan momen kebersamaan dengan pasangan tidak mesti di tempat mewah nan megah. Anda bisa kok mengambil momen indah berdua saat berutinitas seperti biasa. Misalnya saja, Anda tidak mau melupakan sikap sabarnya saat menemani untuk membeli tanaman rumah.</p>\r\n\r\n<p>Anda yang tersanjung dengan sikapnya itu berinisiatif untuk mengabadikan tanaman itu ke dalam foto pre-wedding. Tinggal ke halaman belakang, terus nyiram tanaman bareng, deh. Manis dan sederhana, gak perlu terlihat terlalu mesra!</p>\r\n\r\n<h2><strong>14. Foto Prewedding Romantis: Pose Seolah-olah Sedang Minum teh atau kopi Bisa Jadi Momen Romantis &nbsp;</strong></h2>\r\n\r\n<p><img alt=\"prewedding casual, foto prewedding romantis, foto prewedding unik\" src=\"https://mamikos.com/info/wp-content/uploads/2018/04/c.jpg\" style=\"height:278px; width:451px\" /></p>\r\n\r\n<p>www.javasstudio.com</p>\r\n\r\n<p>Punya kebiasaan ngopi atau ngeteh bareng, kenapa tidak diabadikan di sebuah foto untuk dikenang? Misalnya nih, Anda dan pasangan sama-sama pecinta kopi atau teh. Nah, kesan mesra dan manis bisa kalian ciptakan lewat foto pre wedding yang menampilkan kalian minum teh atau kopi berdua. Simpel dan unik bukan?</p>\r\n\r\n<h2><strong>15.&nbsp;Foto Prewedding Romantis: Konsep Bernuansa Chic &amp; Fun ini Takkan Membuat Pose Anda dan Pasangan terlihat Terlalu Mesra</strong></h2>\r\n\r\n<p><img alt=\"\" src=\"https://mamikos.com/info/wp-content/uploads/2018/04/111.jpg\" style=\"height:338px; width:451px\" /></p>\r\n\r\n<p>hellomuse.com</p>\r\n\r\n<p>Tertarik berpose seperti foto diatas? Anda hanya cukup memastikan bahwa background foto Anda cerah, karena akan menambah esensi chic &amp; fun dari pengambilan gambarnya. Sediakan juga dua bangku berukuran beda serta boneka supaya makin melengkapi kelucuan kalian berdua. Ah, so sweet, unik, dan lucuk bukan!</p>\r\n\r\n<h2><strong>16. Foto Prewedding Romantis: Coba Juga Pose Bergandengan Di Jalan Seperti Ini</strong></h2>\r\n\r\n<p><img alt=\"\" src=\"https://mamikos.com/info/wp-content/uploads/2018/04/hipwee-0-hellomuse-750x503.jpg\" style=\"height:302px; width:450px\" /></p>\r\n\r\n<p>hellomuse.com</p>\r\n\r\n<p>Jika ingin melangsungkan foto pre wedding seperti foto diatas, sebaiknya carilah lokasi yang cukup unik&nbsp; atau berada di pinggiran kota. Anda bisa masuk ke gang-gang dengan bangunan unik di kanan kirinya supaya hasil fotonya juga anti mainstream. Hmmm, seperti kota tua atau sekitar desa budaya misalnya.</p>\r\n\r\n<h2><strong>17.&nbsp;Foto Prewedding Romantis: Seperti di Drama-drama Korea</strong></h2>\r\n\r\n<p><img alt=\"\" src=\"https://mamikos.com/info/wp-content/uploads/2018/04/hipwee-0-tomphotography89-ig-750x583.jpg\" style=\"height:350px; width:450px\" /></p>\r\n\r\n<p>Anda sering menonton drama Korea? Tentu Anda cukup mengagumi bukan kisah percintaan di drama Korea tersebut? Tak ada salahnya Anda memanfaatkan pengetahuan Anda tentang drama Korea sebagai konsep foto pre wedding Anda. Penasaran? Ikuti saja pose se[eperti foto diatas ini.</p>\r\n\r\n<h2><strong>18. Foto Prewedding Romantis: Pose Seperti di Film Harry Potter</strong></h2>\r\n\r\n<p><img alt=\"\" src=\"https://mamikos.com/info/wp-content/uploads/2018/04/hipwee-8-13.jpg\" style=\"height:299px; width:450px\" /></p>\r\n\r\n<p>Film yang satu ini memang selalu ada di hati para penggemar setianya. Anda juga salah satu fans Harry Potter dan sekolah magicnya? Tak ada salahnya Anda meniru pose seperti di film Harry Potter diatas untuk menunjukkan kegilaan Anda dengan film sekolah sihir yang satu ini. Unik dan tetap romantis bukan?</p>\r\n\r\n<h2><strong>19.&nbsp; Foto Prewedding Romantis: Seperti di Lomba 17-an</strong></h2>\r\n\r\n<p><img alt=\"\" src=\"https://mamikos.com/info/wp-content/uploads/2018/04/042213400_1425885125-10.jpg\" style=\"height:250px; width:451px\" /></p>\r\n\r\n<p>Dari kecil tentu Anda sudah sering bukan mengikuti perlombaan 17-an dalam rangka merayakan HUT Republik Indonesia? Cukup unik dan terkesan lucu jika Anda mengabadikan foto pre wedding Anda dengan konsep tersebut. Bagaimana? Tertarik?</p>\r\n\r\n<h2><strong>20. Foto Prewedding Romantis: Seolah-olah Seperti akan Ditendang oleh Pasangan Sendiri, cukup lucu bukan?</strong></h2>\r\n\r\n<p><img alt=\"\" src=\"https://mamikos.com/info/wp-content/uploads/2018/04/gambar-foto-prewedding-unik-2016.png\" style=\"height:293px; width:449px\" /></p>\r\n\r\n<p>Dan yang terakhir, Anda bisa meniru pose foto seperti foto diatas ini. Anda terlihat seperti akan sedang menendang bokong pasangan Anda, padahal tidak sama sekali. Unik dan lucu bukan?</p>\r\n\r\n<p>Nah, itu tadi 20 pose&nbsp; pre wedding yang unik, lucu serta tetap romantis. Bisa menambah referensi Anda bukan? Semoga menjadi inspirasi anda. Sekian</p>\r\n','2017-08-07 02:09:34',3,'Prewedding',7,'b090fead26977bce6b917dc01b29d060.jpg',2,'Ayub',0,'20-pose-foto-pre-wedding-romantis,-unik,-dan-lucu.html',10),(27,'Mau Foto Pre-Wedding yang Berkesan? Coba Ide Ini','<p>Semua makhluk hidup tercipta berpasang-pasangan antara satu dan yang lainnya. Manusia akan ada saatnya kelak laki-laki dan perempuan akan hidup bersama, mengikat cinta sejati dan suci dalam upaca sakral yang dinamakan pernikahan. Semua hal itu sama seperti yang pernah dilakukan orang tua sang calon pengantin yang pernah melakukan serupa dalam proses perjalan hidup. Mereka akan tinggal bersama dan menjalani kehidupan yang baru. Tentu saja hal ini hanya terjadi sekali seumur hidup, karena itu berbagai persiapannya pun harus benar-benar dipersiapkan dengan baik dan benar agar semua berjalan dengan baik. Apabila masih ada yang belum tahu hal yang perlu disiapkan, bisa membaca ulasan&nbsp;Menjelang Hari Pernikahan, Inilah Persiapan yang Harus di Lakukan.</p>\r\n\r\n<p>Foto pre-wedding&nbsp;sudah menjadi bagian tidak terpisahkan dari prosesi pernikahan. Semakin banyak pasangan yang memilih melakukan prosesi foto ini sebelum mengikat janji sehidup semati dengan tujuan untuk bisa tetap terkenang oleh pasangan itu sendiri, orang tua, keluarga, teman dan kolega lainnya. Apabila anda sedang mencari konsep foto prewedding yang unik, anda bisa mencoba ide-ide ini :</p>\r\n\r\n<h2>1. Foto Pre-Wedding dengan Konsep Natural / Natural Theme</h2>\r\n\r\n<p><a href=\"http://www.bkrentcar.com/wp-content/uploads/2015/10/1.jpg\"><img alt=\"1\" src=\"http://www.bkrentcar.com/wp-content/uploads/2015/10/1.jpg\" style=\"height:179px; width:268px\" /></a></p>\r\n\r\n<p>Jika anda dan pasangan anda termasuk tipikal orang yang berkarakter tenang dan menyukai kedamaian, anda dan pasangan bisa mencoba menggunakan konsep ide foto pre-wedding dengan tema alam. Dengan pemandangan alam hijau dan segar serta pohon-pohon rimbun yang ada akan membuat foto pre-wedding semakin berkesan.</p>\r\n\r\n<h2>2. Foto Pre-Wedding dengan Konsep di Pinggir Pantai</h2>\r\n\r\n<p>&nbsp;<a href=\"http://www.bkrentcar.com/wp-content/uploads/2015/10/2.jpg\"><img alt=\"2\" src=\"http://www.bkrentcar.com/wp-content/uploads/2015/10/2.jpg\" style=\"height:162px; width:236px\" /></a></p>\r\n\r\n<p>Pantai sebuah tempat romantis yang bisa juga menjadi pilihan bagi anda yang ingin melakukan sesi pemotretan foto pre-wedding. Ditemani suara desiran ombak dan pemandangan langit biru cerah yang memanjakan mata. Bagaimana anda tertarik?</p>\r\n\r\n<h2>3. Foto Pre-Wedding dengan Konsep&nbsp;Underwater</h2>\r\n\r\n<p>&nbsp;<a href=\"http://www.bkrentcar.com/wp-content/uploads/2015/10/3.jpg\"><img alt=\"3\" src=\"http://www.bkrentcar.com/wp-content/uploads/2015/10/3.jpg\" style=\"height:155px; width:234px\" /></a></p>\r\n\r\n<p>Dan kali ini merupakan kebalikan pada point kedua, apabila point kedua dilakukan di pinggir pantai, maka pada point ketiga ini anda dan pasangan bisa mencoba melakukan session pre-wedding dengan memakai baju pengantin anda di dalam air akan menjadi sebuah foto yang sangat fantastis dan tergolong unik. Jika anda ingin hasil foto yang berbeda, sepertinya point ini bisa menjadi rekomendasi untuk dicoba.</p>\r\n\r\n<h2>4. Foto Pre-Wedding dengan Konsep You &amp; Me Story</h2>\r\n\r\n<p>&nbsp;<a href=\"http://www.bkrentcar.com/wp-content/uploads/2015/10/4.jpg\"><img alt=\"4\" src=\"http://www.bkrentcar.com/wp-content/uploads/2015/10/4.jpg\" style=\"height:201px; width:201px\" /></a></p>\r\n\r\n<p>&nbsp;Konsep ini menceritakan berbagai tempat kenangan klasik dengan berbagai moment yang pernah dilewati bersama. Anda dan pasangan mungkin bisa merencanakan sebuah konsep dimana anda dan pasangan bertemu lalu saling jatuh cinta satu sama lain. Sehingga balutan foto-foto tersebut akan dirangkai dalam satu frame sebagai konsep foto pre-wedding anda.</p>\r\n\r\n<h2>5.&nbsp;Foto Pre-Wedding dengan Konsep&nbsp;di Luar Negeri</h2>\r\n\r\n<p><a href=\"http://www.bkrentcar.com/wp-content/uploads/2015/10/5.jpg\"><img alt=\"5\" src=\"http://www.bkrentcar.com/wp-content/uploads/2015/10/5.jpg\" style=\"height:234px; width:170px\" /></a></p>\r\n\r\n<p>Anda dan pasangan bisa mencoba untuk melakukan sesi&nbsp; foto pre-wedding di luar negeri dengan sebelumnya telah menetapkan tujuan dimana akan dilakukan sesi pemotretan. Tentu untuk mendapatkan hasil yang berkualtias anda juga harus mencari &nbsp;destination prewedding and wedding photographer yang berkualitas juga. Ada banyak destinasi tempat romantis di luar negeri yang bisa anda kunjungi untuk melakukan foto pre-wedding bersama pasangan anda. &nbsp;Menarik bukan?</p>\r\n\r\n<p>Itulah beberapa konsep ide foto yang akan membuat foto pre-wedding anda semakin berkesan.&nbsp;</p>\r\n','2017-08-07 02:19:28',3,'Prewedding',8,'a25fe0ad4eb5eb99d7986f92de2706cb.jpg',2,'Ayub',0,'mau-foto-pre-wedding-yang-berkesan-coba-ide-ini.html',7),(28,'19 Ide Pernikahan Outdoor Low Budget Untuk Inspirasimu','<p>Pernikahan&nbsp;merupakan salah satu momen sakral yang paling ditunggu-tunggu oleh setiap orang.&nbsp;Pernikahan&nbsp;bukan saja momen berharga bagi kedua pasangan namun juga keluarga terdekat. Maka tidaklah heran kalau kesempurnaan perhelatan seumur hidup ini yang mencakup keuangan, tenaga dan pikiran, rela kamu dan keluarga kamu curahkan bahkan jauh-jauh hari sudah dipersiapkan secara matang sebelum hari bahagia tersebut tiba.</p>\r\n\r\n<p>Tidak sedikit orang yang memutuskan untuk menggelar pesta pernikahan di gedung dengan konsep formal. Padahal, pernikahan outdoor lebih menyenangkan dan asyik lho. Kamu bisa mendapatkan keuntungan-keuntungan yang tidak didapat dari pernikahan indoor.</p>\r\n\r\n<p>Untuk tempatnya kamu bisa menggunakan kebun kota atau halaman rumah sebagai venue pesta agar bisa lebih memangkas biaya. Kamu bisa juga memanfaatkan tanaman hijau di sekeliling taman sebagai dekorasi alami yang cantik. Atau bisa juga&nbsp;digelar di taman, lapangan, halaman, atau bahkan di hutan. Lokasi ini menawarkan suasana yang lebih lapang tanpa banyak sekat atau pembatas. Dengan begitu para tamu undangan lebih bebas kemana saja ingin melangkah.</p>\r\n\r\n<p>Berikut ini ada beberapa ide pesta pernikahan outdoor yang ciamik namun hemat anggaran. Buat kamu yang mau menikah monggo disimak baik-baik ya..</p>\r\n\r\n<p><strong>1. Kursi pelaminan dan kursi tamu yang sederhana dan di bawah pohon rindang, hemat karena tidak perlu tenda</strong></p>\r\n\r\n<p><a href=\"https://www.rimma.co/wp-content/uploads/2016/04/wed1.png\"><img alt=\"wed1\" src=\"https://www.rimma.co/wp-content/uploads/2016/04/wed1.png\" style=\"height:399px; width:600px\" /></a></p>\r\n\r\n<p><strong>2. Gunakan pita warna warni di pelaminan dan rangkaian bunga di kursi tamu, suasana romantis dan ceria akan tercipta</strong></p>\r\n\r\n<p><a href=\"https://www.rimma.co/wp-content/uploads/2016/04/wed2.jpeg\"><img alt=\"wed2\" src=\"https://www.rimma.co/wp-content/uploads/2016/04/wed2.jpeg\" style=\"height:400px; width:600px\" /></a></p>\r\n\r\n<p><strong>3. Tulis nama tamu undangan dan dimana letak mejanya, ini akan membuat para tamu merasa disambut dengan spesial</strong></p>\r\n\r\n<p><a href=\"https://www.rimma.co/wp-content/uploads/2016/04/wed3.jpeg\"><img alt=\"wed3\" src=\"https://www.rimma.co/wp-content/uploads/2016/04/wed3.jpeg\" style=\"height:900px; width:600px\" /></a></p>\r\n\r\n<p><strong>4. Jar ini berfungsi ganda, sebagai penunjuk letak meja tamu juga sebagai souvenir bahkan gelas saji</strong></p>\r\n\r\n<p><a href=\"https://www.rimma.co/wp-content/uploads/2016/04/wed4.jpeg\"><img alt=\"wed4\" src=\"https://www.rimma.co/wp-content/uploads/2016/04/wed4.jpeg\" style=\"height:400px; width:600px\" /></a></p>\r\n\r\n<p><strong>5.Tak perlu dekorasi yang berlebihan, jar sederhana ini terlihat cantik dengan rangkaian bunga warna warni</strong></p>\r\n\r\n<p><a href=\"https://www.rimma.co/wp-content/uploads/2016/04/wed5.jpeg\"><img alt=\"wed5\" src=\"https://www.rimma.co/wp-content/uploads/2016/04/wed5.jpeg\" style=\"height:900px; width:600px\" /></a></p>\r\n\r\n<p><strong>6. Papan petunjuk yang bisa dibuat sendiri</strong></p>\r\n\r\n<p><a href=\"https://www.rimma.co/wp-content/uploads/2016/04/wed6.jpeg\"><img alt=\"wed6\" src=\"https://www.rimma.co/wp-content/uploads/2016/04/wed6.jpeg\" style=\"height:900px; width:600px\" /></a></p>\r\n\r\n<p><strong>7. Agar tamu tetap hangat di udara malam yang dingin sediakan juga selimut</strong></p>\r\n\r\n<p><a href=\"https://www.rimma.co/wp-content/uploads/2016/04/wed7.jpeg\"><img alt=\"wed7\" src=\"https://www.rimma.co/wp-content/uploads/2016/04/wed7.jpeg\" style=\"height:815px; width:600px\" /></a></p>\r\n\r\n<p><strong>8. Foto pernikahan keluarga bisa dijadikan hiasan juga, hemat biaya dekorasi</strong></p>\r\n\r\n<p><a href=\"https://www.rimma.co/wp-content/uploads/2016/04/wed8.jpeg\"><img alt=\"wed8\" src=\"https://www.rimma.co/wp-content/uploads/2016/04/wed8.jpeg\" style=\"height:400px; width:600px\" /></a></p>\r\n\r\n<p><strong>9. Dengan penambahan lampu dan lilin membuat kesan romantis kian terasa</strong></p>\r\n\r\n<p><a href=\"https://www.rimma.co/wp-content/uploads/2016/04/wed9.jpeg\"><img alt=\"wed9\" src=\"https://www.rimma.co/wp-content/uploads/2016/04/wed9.jpeg\" style=\"height:400px; width:600px\" /></a></p>\r\n\r\n<p><strong>10. Tak perlu lampu terang benderang, lampu temaram pun oke punya</strong></p>\r\n\r\n<p><a href=\"https://www.rimma.co/wp-content/uploads/2016/04/wed10.jpeg\"><img alt=\"wed10\" src=\"https://www.rimma.co/wp-content/uploads/2016/04/wed10.jpeg\" style=\"height:900px; width:600px\" /></a></p>\r\n\r\n<p><strong>11. Papan menu dari bahan yang sederhana namun tampak berkelas</strong></p>\r\n\r\n<p><a href=\"https://www.rimma.co/wp-content/uploads/2016/04/wed11.jpeg\"><img alt=\"wed11\" src=\"https://www.rimma.co/wp-content/uploads/2016/04/wed11.jpeg\" style=\"height:900px; width:600px\" /></a></p>\r\n\r\n<p><strong>&nbsp;12. Minuman dingin disajikan dengan tempat yang sederhana namun unik</strong></p>\r\n\r\n<p><a href=\"https://www.rimma.co/wp-content/uploads/2016/04/wed12.jpeg\"><img alt=\"wed12\" src=\"https://www.rimma.co/wp-content/uploads/2016/04/wed12.jpeg\" style=\"height:901px; width:600px\" /></a></p>\r\n\r\n<p><strong>13. Aneka macam pilihan dessert ditata di tempat&nbsp;barel whiskey bekas</strong></p>\r\n\r\n<p><a href=\"https://www.rimma.co/wp-content/uploads/2016/04/wed13.jpeg\"><img alt=\"wed13\" src=\"https://www.rimma.co/wp-content/uploads/2016/04/wed13.jpeg\" style=\"height:900px; width:600px\" /></a></p>\r\n\r\n<p><strong>14. Bisa juga dipakai sebagai tempat minuman</strong></p>\r\n\r\n<p><a href=\"https://www.rimma.co/wp-content/uploads/2016/04/wed14.jpeg\"><img alt=\"wed14\" src=\"https://www.rimma.co/wp-content/uploads/2016/04/wed14.jpeg\" style=\"height:900px; width:600px\" /></a></p>\r\n\r\n<p><strong>15. Potongan pohon tampak cantik dipakai untuk tempat aneka kue</strong></p>\r\n\r\n<p><a href=\"https://www.rimma.co/wp-content/uploads/2016/04/wed15.jpeg\"><img alt=\"wed15\" src=\"https://www.rimma.co/wp-content/uploads/2016/04/wed15.jpeg\" style=\"height:900px; width:600px\" /></a></p>\r\n\r\n<p><strong>16. Arena bermain biar tamu betah berlama-lama</strong></p>\r\n\r\n<p><a href=\"https://www.rimma.co/wp-content/uploads/2016/04/wed16.jpeg\"><img alt=\"wed16\" src=\"https://www.rimma.co/wp-content/uploads/2016/04/wed16.jpeg\" style=\"height:400px; width:600px\" /></a></p>\r\n\r\n<p><strong>&nbsp;17. Daftar buku tamu dari balok yang sekaligus sebagai permainan</strong></p>\r\n\r\n<p><a href=\"https://www.rimma.co/wp-content/uploads/2016/04/wed17.jpeg\"><img alt=\"wed17\" src=\"https://www.rimma.co/wp-content/uploads/2016/04/wed17.jpeg\" style=\"height:900px; width:600px\" /></a></p>\r\n\r\n<p><strong>18. Mobil pengantin tidak harus mewah, mobil golf pun bisa disulap sedemikian rupa</strong></p>\r\n\r\n<p><a href=\"https://www.rimma.co/wp-content/uploads/2016/04/wed18.jpeg\"><img alt=\"wed18\" src=\"https://www.rimma.co/wp-content/uploads/2016/04/wed18.jpeg\" style=\"height:426px; width:600px\" /></a></p>\r\n\r\n<p><strong>19. Berikan souvenir yang unik agar para tamu terkesan</strong></p>\r\n\r\n<p><a href=\"https://www.rimma.co/wp-content/uploads/2016/04/wed19.jpeg\"><img alt=\"wed19\" src=\"https://www.rimma.co/wp-content/uploads/2016/04/wed19.jpeg\" style=\"height:900px; width:600px\" /></a></p>\r\n\r\n<p>Itulah beberapa ide pesta pernikahan outdoor yang bisa dijadikan inspirasi. Atmosfer pesta pun jadi lebih hangat. Para tamu juga jadi lebih bisa membaur satu sama lain karena suasana yang bebas, antara anggota keluarga, tamu VIP dan tamu biasa tidak ada pemisah. Dengan begitu, nuansa pernikahan yang kamu buat akan begitu berkesan bagi para tamu yang datang, bahkan bisa jadi mereka akan terinspirasi dan menirunya.</p>\r\n\r\n<p><strong>Nah, apakah kamu masih ragu dalam memilih tema dan lokasi resepsi pernikahan setelah membaca artikel di atas?</strong></p>\r\n','2017-08-07 02:26:36',2,'Wedding',10,'3f065ff28d13426b295e6f3954b7cf1d.jpeg',2,'Ayub',0,'19-ide-pernikahan-outdoor-low-budget-untuk-inspirasimu.html',8),(32,'6 Tempat Wisata Di Banyuwangi Jawa Timur Surganya Traveller','<p>Akhir akhir ini banyuwangi sedang tenar di kalangan wisatawan lokal maupun mancanegara karena keindahan wisata alamnya yang begitu eksotik. mulai dari wisata pantai hingga wisata gunungnya yang beragam. Untuk itu simak beberapa riview tempat wisata di banyuwangi berikut yang bisa menjadi list wisata anda selanjutnya :</p>\r\n\r\n<h2>1. Kawah Ijen banyuwangi &ldquo;Blue Fire&rdquo;</h2>\r\n\r\n<p>Obyek wisata yang pertama merupakan tempat wisata paling populer di banyuwangi. Wisata ini berlokasi di ketinggian 2368 mdpl dan tepatnya berada di gunung ijen yang mempunyai ketinggian 2799 mdpl. Pegunungan ini sendiri terletak di dua kabupaten yaitu Banyuwangi dan Bondowoso.</p>\r\n\r\n<p>Ciri khas dari kawah ini yaitu mempunyai pancaran api biru atau biasa orang menyebut blue fire yang muncul dari dasar kawah hingga ke permukaan. Kawah tersebut juga di hiasi dengan dinding kaldera yang begitu indah dengan tinggi 300 hingga 500 meter yang berada di sekeliling kawah.</p>\r\n\r\n<p><img alt=\"Foto Kawah Ijen\" src=\"https://mytrip123.com/wp-content/uploads/2015/11/kawah-ijen-banyuwangi.jpg\" style=\"height:300px; width:750px\" /></p>\r\n\r\n<p>Memang kawah ini mempunyai view yang luar biasa indahnya dan menggoda orang untuk lebih mendekat ke bibir kawah. Namun anda harus berhati hati, jangan sekali kali dekat dengan bibir kawah karena sangat berbahaya. Kawah ini mempunyai panas hingga 200&deg; C. suhu tersbut bisa menghancurkan pakaian dan tubuh manusia dalam beberapa saat. Himbauan dari tim kami diusahakan selalu berhati hati ketika berkunjung ke kawah ijen. Namun santai saja kawah tersebut tetap aman dikunjungi asalkan mematuhi prosedur yang di berikan oleh petugas wisata setempat.</p>\r\n\r\n<p>Hal yang menarik selain bisa menikmati indahnya salah satu objek wisata ini. Di tempat ini anda juga bisa melihat kegiatan tambang belerang. Yang dilakukan oleh masyarakat sekiatar dengan cara tradisional tanpa bantuan alat tambang modern.</p>\r\n\r\n<h2>2. Pantai Plengkung, Wisata Pantai banyuwangi</h2>\r\n\r\n<p>Setelah membahas kawah ijen yang begitu indah, selanjutnya tim kami akan meriview tempat&nbsp;wisata pantai yang ada di banyuwangi. Yaitu Pantai Plengkung atau biasa di sebut dengan sebutan G-Land. Pantai ini berlokasi di taman nasional purwo banyuwangi. Pantai Plengkung terkenal dengan ombaknya yang besar sehingga menjadikan pantai ini sebagai surganya bagi para pe selancar. Ombak di pantai ini bisa mencapai 6 meter dan merupakan ombak yang paling ideal bagi arena slancar.</p>\r\n\r\n<p><img alt=\"G-land\" src=\"https://mytrip123.com/wp-content/uploads/2015/11/pantai-plengkung-banyuwangi.jpg\" style=\"height:300px; width:750px\" /></p>\r\n\r\n<p>Waktu terbaik bagi anda peselancar yang ingin mengunjungi pantai ini yaitu ketika bulan juli hingga september, pada bulan tersebut ombak sedang bagus bagusnya. Namun sebenarnya ombak yang ada di pantai tersebut bagus sepanjang dan pada bulan tersebut ombak mencapai titik puncak bagi para penggemar selancar.</p>\r\n\r\n<p>Apabila anda tidak membawa perlengkapan selancar, di sekitaran pantai banyak yang menyewakan perlengkapan untuk selancar. tempat ini juga cocok bagi anda yang ingin belajar berselancar.</p>\r\n\r\n<p>selain mempunyai ombah yang begitu bagus, pantai plengkung juga mempunyai hamparan pasir putih yang luas yang bisa di jadikan sebagai tempat bermain hingga bersantai di tepi laut.</p>\r\n\r\n<h2>3. Pantai Rajegwesi, Ketenangan Bersantai di Pantai banyuwangi</h2>\r\n\r\n<p>seperti halnya&nbsp;yogyakarta yang mempunyai tempat wisata pantai&nbsp;yang sungguh beragam, Banyuwangi juga ternyata menyimpan wisata pantai yang tak kalah indahnya dengan jogja. Yaitu pantai rajegwesi, pantai ini mempunyai ciri khas pasir pantainya yang berwarna coklet dan lembut. Pasir coklat tersebut terbentuk karena bercampur dengan lumpur yang di terbawa oleh derasnya air sungai yang bermuara di pantai ini.</p>\r\n\r\n<p><img alt=\"Rajag wesi\" src=\"https://mytrip123.com/wp-content/uploads/2015/11/Pantai-Rajegwesi-banyuwangi.jpg\" style=\"height:300px; width:750px\" /></p>\r\n\r\n<p>Pantai Rajegwesi berlokasi di Ds. sarongan, Kec. Pesanggaran Kab. Banyuwangi. Selain menyimpan keindahan alam yang jarang di temukan di tempat lain, pantai ini juga ternyata syarat akan sejarah. Di sekitaran garis pantai terdapat Bunker peninggalan Jepang pada jaman penjajahan.</p>\r\n\r\n<h2>4. Pantai Watu Dodol Banyuwangi</h2>\r\n\r\n<p>Masih berbicara tentang tempat wisata pantai di banyuwangi. Yaitu pantai watu dodol yang berlokasi di jalan banyuwangi &ndash; situbondo yang berjarak hanya kurang lebih 2 kilometer dari pelabuhan ketapang.</p>\r\n\r\n<p><img alt=\"Watu dodol\" src=\"https://mytrip123.com/wp-content/uploads/2015/11/pantai-watu-dodol-banyuwangi.jpg\" style=\"height:300px; width:750px\" /></p>\r\n\r\n<p>Sesuai dengan namanya pantai ini mempunyai ciri khas dengan banyak bebatuan di bibir pantai. Bahkan hanya sedikit pasir yang ada di garis pantai tersebut. Di sekitaran pantai tersebut juga banyak di jual jajanan dan makanan khas banyuwangi yang beragam.</p>\r\n\r\n<h2>5. Pantai teluk Hijau, Surga Yang Tersembunyi Di banyuwangi</h2>\r\n\r\n<p>Tempat wisata pantai Banyuwangi&nbsp;selanjutnya yaitu pantai Teluk Hijau yang merupakan surga tersembunyi di banyuwangi. Di pantai ini menyajikan pemandangan pantai yang begitu indah dengan dengan pasir putihnya dan kejernihan air lautnya. Dengan begitu, ketika anda berkunjung ke tempat ini anda bisa berenang, snorkling dan juga bermain dengan lembutnya pasir pantai teluk hijau.</p>\r\n\r\n<p><img alt=\"Teluk Ijo\" src=\"https://mytrip123.com/wp-content/uploads/2015/11/pantai-teluk-hijau-banyuwangi-yang-eksotik.jpg\" style=\"height:300px; width:750px\" /></p>\r\n\r\n<p>Sesuai dengan namanya, selain mempunyai pasri yang putih dan air yang jernih pantai juga juga mempunyai view pemandangan hijau ala pepohonan tropis yang membawa suasan ketenangan. Tidak hanya sampai disini, di pantai ini juga terdapat air terjun yang tak kalah indahnya dengan&nbsp;curug cigamea yang ada di bogor. Air terjun tersebut mempunyai nama air terjujun bidadari. dinamai air terjun bidadari karena menurut cerita yang beredar di masyarakat air terjun tersebut biasa di gunakan untuk mandi para bidadari di waktu tertentu. Air terjun bidadari memliki ketinggian sekitar 8 meter dari dasar air terjun.</p>\r\n\r\n<h2>6. Pantai Pulau Merah Banyuwangi</h2>\r\n\r\n<p>Daftar pantai selanjutnya yang ada di banyuwangi selanjutnya yaitu pantai pulau merah yang brlokasi di Kec Pesanggrahan. Seperti halnya pantai rejegwesi yang mempunyai pasir pantai berwarna coklat, pantai pulau merah pun mempunyai pasir pantai yang berwarna agak kemerah merahan. Selain mempunyai pasir pantai yang unik, tempat ini juga mempunyai view yang indah dengan batu karang yang berbentuk bentuk.</p>\r\n\r\n<p><img alt=\"pulau merah\" src=\"https://mytrip123.com/wp-content/uploads/2015/11/wisata-pantai-pulau-merah-banyuwangi.jpg\" style=\"height:300px; width:750px\" /></p>\r\n\r\n<p>Apabila anda berkunjung ke tempat ini ada juga dapat bisa sekaligus berkunjung di sbuah pura hinda yang bernama Pura tawang alun. Pura tersebut sering diadakan ritual keagamaan oleh masyarkat setempat.</p>\r\n\r\n<p>Banyak yang bisa anda lakukan di pantai ini, mulai dari bersnatai di pinggir pantai bersama orang terdekat hingga bermain air di bibir pantai yang mempunyai garis pantai yang panjang. Panjang garis pantai pulau merah yaitu sekitar 3 kilometer.</p>\r\n','2019-07-17 06:49:01',1,'Tour & Travel',3,'910ed42431ae88030cfe2bf1f00d6e4a.jpg',2,'Ayub',0,'6-tempat-wisata-di-banyuwangi-jawa-timur-surganya-traveller.html',5),(33,'10 Tempat Wisata di Belitung yang Wajib Dikunjungi Traveller','<p>Tidak banyak orang tahu keindahan sesungguhnya dari Belitung. Tetapi sejak munculnya film Laskar Pelangi, keindahan Belitung yang sesungguhnya mulai terekspos. Hal ini mengakibatkan Belitung menjadi salah satu&nbsp;destinasi liburan favorit&nbsp;bagi para traveler yang ingin mengeksplor&nbsp;keindahan negara kita tercinta ini.</p>\r\n\r\n<p>Jika Anda memasukkan Belitung sebagai tempat liburan Anda selanjutnya, beberapa tempat wisata di Belitung yang wajib dikunjungi antara lain:</p>\r\n\r\n<h3>1. Pantai Tanjung Tinggi</h3>\r\n\r\n<p><a href=\"http://anekatempatwisata.com/wp-content/uploads/2015/10/Pantai-Tanjung-Tinggi.jpg\"><img alt=\"Pantai Tanjung Tinggi\" src=\"http://anekatempatwisata.com/wp-content/uploads/2015/10/Pantai-Tanjung-Tinggi-300x192.jpg\" style=\"height:192px; width:300px\" /></a></p>\r\n\r\n<p>Pantai Tanjung Tinggi adalah pantai terkenal di Belitung yang digunakan sebagai salah satu lokasi syuting untuk film Laskar Pelangi. Pantai ini terletak di sebelah utara Belitung, tepatnya 37 km dari kota Tanjung Pandan. Berpasir putih, air laut jernih, dan batu granit super besar adalah ciri khas dari pantai ini.</p>\r\n\r\n<p>Ombak di Pantai Tanjung Tinggi relatif tenang sehingga Anda bisa berenang tanpa harus takut terbawa ombak. Di tepi pantai, terdapat warung-warung yang menjajakan seafood untuk memuaskan rasa lapar Anda setelah puas bermain air.</p>\r\n\r\n<h3>2. Pantai Tanjung Kelayang</h3>\r\n\r\n<p><a href=\"http://anekatempatwisata.com/wp-content/uploads/2015/10/Pantai-Tanjung-Kelayang.jpg\"><img alt=\"Pantai Tanjung Kelayang\" src=\"http://anekatempatwisata.com/wp-content/uploads/2015/10/Pantai-Tanjung-Kelayang-300x200.jpg\" style=\"height:200px; width:300px\" /></a></p>\r\n\r\n<p>Terletak di sebelah utara Pulau Belitung, Pantai Tanjung Kelayang adalah pantai kedua yang terkenal setelah Pantai Tanjung Tinggi. Yang khas dari pantai ini adalah Batu Kelayang yang merupakan maskot dari Sail Wakatobi &ndash; Belitung 2011. Pantai Tanjung Kelayang terdiri dari dua bagian, yaitu sebelah barat dengan gugusan batu granit dan sebelah timur berupa hamparan pasir putih nan cantik. Anda bisa menyelam, berenang, berjemur, memancing, dan malakukan beragam atraksi air lainnya di pantai ini.</p>\r\n\r\n<h3>3. Pulau Lengkuas</h3>\r\n\r\n<p><a href=\"http://anekatempatwisata.com/wp-content/uploads/2015/10/Pulau-Lengkuas.jpg\"><img alt=\"Pulau Lengkuas\" src=\"http://anekatempatwisata.com/wp-content/uploads/2015/10/Pulau-Lengkuas-300x200.jpg\" style=\"height:200px; width:300px\" /></a></p>\r\n\r\n<p>Objek wisata ketiga yang terkenal di Belitung adalah Pulau Lengkuas. Pulau ini berada di sebelah utara Pulau Belitung, Anda hanya perlu menempuh jarak sekitar 30 menit untuk menyeberang ke pulau ini. Hal yang menarik dari Pulau Lengkuas adalah mercusuar yang menjulang tinggi di tengah-tengah pulau.</p>\r\n\r\n<p>Mercusuar ini sudah berdiri sejak tahun 1882. Dari atas mercusuar ini, Anda bisa menikmati pemandangan keindahan pantai-pantai di Belitung dari ketinggian.</p>\r\n\r\n<h3>4. Bukit Berahu</h3>\r\n\r\n<p><a href=\"http://anekatempatwisata.com/wp-content/uploads/2015/10/Bukit-Berahu.jpg\"><img alt=\"Bukit Berahu\" src=\"http://anekatempatwisata.com/wp-content/uploads/2015/10/Bukit-Berahu-300x225.jpg\" style=\"height:225px; width:300px\" /></a></p>\r\n\r\n<p>Bukit Berahu adalah sebuah tempat perpaduan antara resto dan bungalow atau villa di sebuah pantai indah di Belitung. Bukit Berahu terletak dekat dengan Tanjung Tinggi. Dari atas Bukit Berahu, Anda bisa menikmati keindahan pantai berpasir putih dan laut biru muda yang jernih.</p>\r\n\r\n<p>Untuk mencapai pantai di bungalow ini, Anda harus menuruni 97 anak tangga, sehingga ada baiknya Anda menggunakan sepatu tanpa hak. Karena pantai di sini merupakan bagian dari bungalow, Anda bisa menikmati sensasi private beach yang tidak bisa Anda temukan di pantai Belitung lainnya.</p>\r\n\r\n<h3>5. Pantai Punai</h3>\r\n\r\n<p><a href=\"http://anekatempatwisata.com/wp-content/uploads/2015/10/Pantai-Punai.jpg\"><img alt=\"Pantai Punai\" src=\"http://anekatempatwisata.com/wp-content/uploads/2015/10/Pantai-Punai-300x169.jpg\" style=\"height:169px; width:300px\" /></a></p>\r\n\r\n<p>Pantai Punai</p>\r\n\r\n<p>Pantai Punai berlokasi di sebelah Tenggara Belitung, tepatnya di desa Tanjung Kelumpang. Berbeda dengan pantai khas Belitung lain yang memiliki batu granit super besar, di pantai ini Anda akan mendapati pasir putih dengan batu granit kecil dan suasana yang lebih tenang.</p>\r\n\r\n<p><br />\r\n&nbsp;</p>\r\n\r\n<p>Di depan pantai ini ada pulau kecil bernama Pulau Punai. Dulunya, di pulau ini terdapat banyak sekali burung punai. Untuk menuju pulau ini Anda hanya perlu berjalan kaki jika air sedang surut.</p>\r\n\r\n<h3>6. Pulau Pasir</h3>\r\n\r\n<p><a href=\"http://anekatempatwisata.com/wp-content/uploads/2015/10/Pulau-Pasir.jpg\"><img alt=\"Pulau Pasir\" src=\"http://anekatempatwisata.com/wp-content/uploads/2015/10/Pulau-Pasir-300x213.jpg\" style=\"height:213px; width:300px\" /></a></p>\r\n\r\n<p>Pulau Pasir</p>\r\n\r\n<p>Pulau Pasir sesungguhnya adalah sebuah tumpukan daratan yang hanya terdiri dari pasir. Saat air laut surut, tumpukan pasir ini akan terbentuk seperti pulau. Sedangkan saat air laut pasang, daratan ini seluruhnya akan tenggelam di bawah air laut. Pulau ini tidak terlalu luas, hanya sebesar setengah lapangan sepak sepak bola.</p>\r\n\r\n<p>Saat air surut, ada banyak sekali wisatawan yang singgah di pulau ini dengan menggunakan perahu nelayan. Anda akan merasa takjub dengan pemandangan di pulau ini, karena pulau ini berdekatan dengan pulau-pulau lain.</p>\r\n\r\n<h3>7. Danau Kaolin</h3>\r\n\r\n<p><a href=\"http://anekatempatwisata.com/wp-content/uploads/2015/10/Danau-Kaolin.jpg\"><img alt=\"Danau Kaolin\" src=\"http://anekatempatwisata.com/wp-content/uploads/2015/10/Danau-Kaolin-300x169.jpg\" style=\"height:169px; width:300px\" /></a></p>\r\n\r\n<p>Danau Kaolin ini sebenarnya bukan tempat wisata umum, tetapi banyak fotografer yang ingin mengetahui potensi fotografi di sini, sehingga ada beberapa agen wisata yang menyediakan jasa paket wisata ke&nbsp;tempat wisata di Belitung&nbsp;ini. Kaolin adalah salah satu kekayaan tambang di pulau Belitung. Keindahan tempat ini merupakan perpaduan antara air danau berwarna biru dan kaolin berwarna putih. Pemandangan di sini hampir sama dengan pemandangan&nbsp;Kawah Putih&nbsp;di&nbsp;Bandung.</p>\r\n\r\n<h3>8. Pantai Penyabong</h3>\r\n\r\n<p><a href=\"http://anekatempatwisata.com/10-tempat-wisata-di-belitung-yang-wajib-dikunjungi/pantai-penyabong/#main\"><img alt=\"Pantai Penyabong\" src=\"http://anekatempatwisata.com/wp-content/uploads/2015/10/Pantai-Penyabong-300x199.jpg\" style=\"height:199px; width:300px\" /></a></p>\r\n\r\n<p>Pantai Penyabong adalah sebuah pantai yang terletak di Kecamatan Membalong, Belitung Selatan. Pantai ini juga dikenal dengan sebutan Pantai Batu Lubang. Keindahan alam pantai ini hampir sama dengan keindahan di Pantai Tanjung Tinggi, dengan gugusan batu granit yang bertebaran di tepi pantai. Bedanya, batu granit di pantai ini saling menyambung dan memanjang, menjorok ke arah laut sehingga membentuk seperti dermaga secara alami. Ombak di sini tidak terlalu besar sehingga aman untuk berenang, air pantai juga jernih dengan pasir putih yang lembut.</p>\r\n\r\n<h3>9. Museum Kata</h3>\r\n\r\n<p><a href=\"http://anekatempatwisata.com/wp-content/uploads/2015/10/Museum-Kata.jpg\"><img alt=\"Museum Kata\" src=\"http://anekatempatwisata.com/wp-content/uploads/2015/10/Museum-Kata-300x225.jpg\" style=\"height:225px; width:300px\" /></a></p>\r\n\r\n<p>Museum Kata Andrea Hirata adalah museum literatur pertama di Indonesia. Di sini, Anda bisa menyaksikan koleksi tentang film Laskar Pelangi. Anda bisa menemukan berbagai karya Andrea Hirata di museum ini.</p>\r\n\r\n<p>Ada sebuah cerpen khusus yang dibuat oleh Andrea Hirata yang tidak diterbitkan umum, dan hanya bisa Anda baca di sini. Museum ini dibangun Andrea Hirata dengan tujuan untuk menginspirasi anak-anak dan remaja di desa Gantong, agar memgembangkan bakat seni mereka.</p>\r\n\r\n<p>Selain jejak Laskar Pelangi, di sini juga terdapat banyak sekali karya seni Andrea. Ada juga Warung Kupi Kuli yang merupakan sebuah gambaran keseharian kehidupan para penambang.</p>\r\n\r\n<h3>10. Pantai Nyiur Melambai</h3>\r\n\r\n<p><a href=\"http://anekatempatwisata.com/wp-content/uploads/2015/10/Pantai-Nyiur-Melambai.jpg\"><img alt=\"Pantai Nyiur Melambai\" src=\"http://anekatempatwisata.com/wp-content/uploads/2015/10/Pantai-Nyiur-Melambai-300x144.jpg\" style=\"height:144px; width:300px\" /></a></p>\r\n\r\n<p>Pantai Nyiur Melambai</p>\r\n\r\n<p>Pantai Nyiur Melambai terletak di Desa Lalang, Kecamatan Manggar, Belitung Timur. Pantai ini adalah salah satu pantai yang banyak dikunjungi oleh wisatawan, dan termasuk lokasi wisata terpopuler.</p>\r\n\r\n<p>Jika biasanya pantai dihiasi pohon kelapa, berbeda dengan Pantai Nyiur Melambai. Pantai ini ditumbuhi oleh pohon pinus di sekitarnya dengan pasir putih khas pantai Belitung. Garis pantai di sini panjang dan suasana di sini teduh. Aktivitas yang dapat Anda lakukan di sini antara lain berenang, voli pantai, dan juga panjat tebing.</p>\r\n','2019-07-17 07:09:07',1,'Tour & Travel',4,'774b2b3fda3c9e1c46af8e5c222e6b3b.jpg',2,'Ayub',0,'10-tempat-wisata-di-belitung-yang-wajib-dikunjungi-traveller.html',9),(34,'12 Wisata di Derawan yang Membuat Derawan Yang Eksotis','<p>Salah satu pulau dengan pantai terbaik yang dimiliki Indonesia ini berlokasi di Provinsi Kalimantan Timur, 2 jam perjalanan darat dari Bandara Berau dilanjutkan dengan 30 menit penyebrangan menggunakan speedboat dari Pelabuhan Tanjung Batu. Sebenernya, Derawan ini merupakan sebuah kepulauan, bukan satu pulau aja, yaitu Kepulauan Derawan. Kepulauan Derawan terdiri dari beberapa pulau yang mana masing-masing pulau ini memiliki keunikan wisatanya sendiri-sendiri yang ngasih alesan ke lo untuk nyempetin dateng ke pulau-pulau tersebut satu per satu. Bukan cuma itu aja, lokasi lain yang berada di luar Kepulauan Derawan juga punya daya tarik unik yang bikin elo wajib mampir saat liburan ke Derawan. Berikut 12 wisata di Derawan yang bikin Derawan beda dari destinasi lainnya.</p>\r\n\r\n<p><strong>1. Tidur Nyenyak Ditemani Suara Ombak di Penginapan Apung Derawan</strong></p>\r\n\r\n<p>Derawan merupakan pulau utama dari Kepulauan Derawan dan satu-satunya yang memiliki penduduk. Oleh karena itu, Derawan cocok untuk dijadikan lokasi tinggal saat mengeksplor daerah-daerah di sekitarnya.</p>\r\n\r\n<p><img src=\"https://blue.kumparan.com/image/upload/fl_progressive,fl_lossy,c_fill,q_auto:best,w_640/v1493504379/3_derawan_posted_z3qy8k.jpg\" style=\"height:auto; width:100%\" /></p>\r\n\r\n<p><strong>2. Warna Air Laut Yang Hijau Toska Membuat Pulau Maratua Instagramable Banget Buat Fotoan</strong></p>\r\n\r\n<p>Buat yang doyan banget fotoan, di Pulau Maratua ini lo pasti akan dibuat girang karena warna air laut di sini hijau toska nan bening. Fotoan dengan background warna air laut Maratua ini dijamin bakal ngehasilin foto yang instagram material banget, cakep dan nge-trigger orang untuk kasih like dan ninggalin komen &quot;ih dimana tuh&quot; atau &quot;ih bagus banget&quot; atau &quot;ih ngiri!!!&quot; saat elo nge-post.</p>\r\n\r\n<p><img src=\"https://blue.kumparan.com/image/upload/fl_progressive,fl_lossy,c_fill,q_auto:best,w_640/v1493504404/14_maratua_posted_dy7bjv.jpg\" style=\"height:auto; width:100%\" /></p>\r\n\r\n<p>&nbsp;</p>\r\n\r\n<p><strong>3. Pacu Adrenalin Dengan Melompat Di Goa Haji Mangku</strong></p>\r\n\r\n<p>Sebenernya ya, kalau disebut goa, Goa Haji Mangku ini agak kurang pas rasanya. Karena, posisinya yang vertikal dengan air yang menggenang di dalamnya membuat Goa Haji Mangku lebih cocok kalau disebut danau atau danau mini karena ukurannya yang ngga sebesar danau juga.</p>\r\n\r\n<p>Untuk sampai ke sini, elo bisa coba 2 cara, dengan jalan kaki selama 7 jam dari Maratua Paradise Resort atau dengan menggunakan speedboat dari starting point yang sama menuju ke utara Pulau Maratua dengan hanya memakan waktu 15-20 menit. Menggunakan speedboat pun ngga semudah itu juga, elo harus nunggu air pasang agar speedboat bisa lewat tapi ngga sepasang itu juga supaya nantinya si speedboat bisa parkir ngga jauh dari mulut goa. Kemudian, elo masih harus trekking ringan selama 10 menit hingga akhirnya lo akan menemukan mulut goa dengan warna air birunya yang khas.</p>\r\n\r\n<p><img src=\"https://blue.kumparan.com/image/upload/fl_progressive,fl_lossy,c_fill,q_auto:best,w_640/v1493504438/19_goa_haji_mangku_posted_dcryy1.jpg\" style=\"height:auto; width:100%\" /></p>\r\n\r\n<p><strong>4. Ribuan Ubur-Ubur Tumpah Ruah Di Pulau Kakaban</strong></p>\r\n\r\n<p>Belum ke Derawan rasanya kalau belum mampir ke Pulau Kakaban. Di Pulau Kakaban ini terdapat sebuah danau air tawar dimana elo bisa menyaksikan ubur-ubur tanpa sengat (stingless jellyfish) langsung dari habitatnya. Jumlahnya? Mungkin ribuan bahkan lebih!</p>\r\n\r\n<p><img src=\"https://blue.kumparan.com/image/upload/fl_progressive,fl_lossy,c_fill,q_auto:best,w_640/v1493504469/21_kakaban_posted_gjxlkm.jpg\" style=\"height:auto; width:100%\" /></p>\r\n\r\n<p><strong>5. Menemukan Kehe Daing, Laguna Tersembunyi Yang Belum Banyak Orang Tau</strong></p>\r\n\r\n<p>Kalau sudah puas berenang bareng ubur-ubur di Danau Kakaban (dan berjemur lucu ala bule di pinggir danaunya), jangan pulang dulu. Luangkan waktu sebentar untuk mampir ke salah satu laguna tersembunyi yang masih perawan di kawasan Derawan, Laguna Kehe Daing namanya.</p>\r\n\r\n<p><img src=\"https://blue.kumparan.com/image/upload/fl_progressive,fl_lossy,c_fill,q_auto:best,w_640/v1493504493/27_kehe_daing_posted_wg1qwi.jpg\" style=\"height:auto; width:100%\" /></p>\r\n\r\n<p><strong>6. Sensasi Susur Goa Bawah Laut Di Blue Light Cave Kakaban</strong></p>\r\n\r\n<p>Lokasi Blue Light Cave berada di pinggiran Pulau Kakaban, dengan pintu masuknya ngga jauh dari bibir pantai pulaiu ini. Jangan berharap pintu masuknya adalah gapura bagus bertuliskan &quot;Selamat Datang di Blue Light Cave&quot; ya, karena nyatanya pintu masuknya berupa bibir goa yang ada di permukaan air laut.</p>\r\n\r\n<p><img src=\"https://blue.kumparan.com/image/upload/fl_progressive,fl_lossy,c_fill,q_auto:best,w_640/v1493504521/32_BLUE_LIGHT_CAVE_KAKABAN_posted_cdmqbs.jpg\" style=\"height:auto; width:100%\" /></p>\r\n\r\n<p><strong>7. Pulau Sangalaki, Rumah Bagi Penyu-Penyu Unyu Di Derawan</strong></p>\r\n\r\n<p>Bukan sekedar #rhyme, tapi penyu-penyu yang ada di Pulau Sangalaki ini memanglah benar unyu-unyu adanya. Pasalnya, Pulau Sangalaki merupakan kawasan konservasi bagi penyu-penyu untuk bertelur dan melahirkan tukik-tukik nan imut bin unyu.</p>\r\n\r\n<p><img src=\"https://blue.kumparan.com/image/upload/fl_progressive,fl_lossy,c_fill,q_auto:best,w_640/v1493504543/35_sangalaki_posted_urrimv.jpg\" style=\"height:auto; width:100%\" /></p>\r\n\r\n<p><strong>8. Puluhan Manta Ray Menunggu Untuk Berenang Bersama Di Manta Point</strong></p>\r\n\r\n<p>Ngga jauh dari Pulau Sangalaki, ada satu spot snorkeling favorit bagi traveler yang sedang liburan ke Derawan, Manta Point namanya. Bukan karena underwater-nya yang ciamik, karena sebenernya di Manta Point ini cuma ada pasir tanpa karang aja, tapi karena Manta Point ini merupakan tempat para Manta Ray mencari makanan yang berupa plankton-plankton kecil. Di sini pada waktu-waktu tertentu, yang biasanya siang sampe sore hari, puluhan Manta Ray berkumpul untuk berebut plankton.</p>\r\n\r\n<p><img src=\"https://blue.kumparan.com/image/upload/fl_progressive,fl_lossy,c_fill,q_auto:best,w_640/v1493504572/36_manta_ray_posted_gbsk0h.jpg\" style=\"height:auto; width:100%\" /></p>\r\n\r\n<p><strong>10. Danau Labuan Cermin Airnya Sebening Raisa</strong></p>\r\n\r\n<p>Danau Labuan Cermin berlokasi sedikit jauh dari Derawan, yaitu di Kecamatan Biduk-Biduk atau sekitar 7 jam perjalanan darat dari Tanjung Redeb, Ibukota Kabupaten Berau. Biasanya, traveler main ke Danau Labuan Cermin ini setelah sebelumnya liburan ke Derawan terlebih dahulu, baru setelahnya bisa langsung terbang ke kota asal lewat Bandara Berau di kota Tanjung Redeb.</p>\r\n\r\n<p><img src=\"https://blue.kumparan.com/image/upload/fl_progressive,fl_lossy,c_fill,q_auto:best,w_640/v1493504603/49_labuan_cermin_posted_i1ubs5.jpg\" style=\"height:auto; width:100%\" /></p>\r\n\r\n<p><strong>11. Lunturkan Lelah Dengan Berendam Di Sumber Air Panas Asin Pemapak</strong></p>\r\n\r\n<p>Air Panas Asin Pemapak berlokasi di Kampung Biatan Bapinang atau 3 jam perjalanan darat dari kota tanjung Redeb, Ibukota Kabupaten Berau. Biasanya, traveler yang sedang menuju ke Biduk-Biduk untuk berenang di Danau Labuan Cermin atau sedang menuju ke Talisayan untuk bertemu dengan Whale Shark akan mampir ke sumber air panas ini.</p>\r\n\r\n<p><img src=\"https://blue.kumparan.com/image/upload/fl_progressive,fl_lossy,c_fill,q_auto:best,w_640/v1493504658/57_SUMBER_AIR_PANAS_ASIN_PEMAPAK_posted_hgu3c7.jpg\" style=\"height:auto; width:100%\" /></p>\r\n\r\n<p><strong>12. Sempurnakan Perjalanan Ke Derawan Dengan Silaturahmi Bersama Bekantan Di Hutan Mangrove Tarakan</strong></p>\r\n\r\n<p>Kalau elo liburan ke Derawannya melalui Kota Tarakan, sempatkan mampir ke Hutan Mangrove Tarakan untuk silaturahmi dengan penghuni asli di sana, yaitu Bekantan. Salah satu jenis monyet khas Kalimantan yang menjadi maskot Dufan ini bisa kamu jumpai bersama dengan hewan-hewan lainnya seperti Elang Laut dan Monyet Ekor Panjang.</p>\r\n\r\n<p><img src=\"https://blue.kumparan.com/image/upload/fl_progressive,fl_lossy,c_fill,q_auto:best,w_640/v1493504693/59_BEKANTAN_DI_HUTAN_MANGROVE_TARAKAN_posted_wpad4p.jpg\" style=\"height:auto; width:100%\" /></p>\r\n','2019-07-17 07:15:03',1,'Tour & Travel',2,'6e8d42aa59b92a197da5e3edc69c56e8.jpg',2,'Ayub',0,'12-wisata-di-derawan-yang-membuat-derawan-yang-eksotis.html',5),(35,'10 Tempat Wisata di Manado yang Wajib Dikunjungi','<p>Ibu kota dari Sulawesi Utara ini merupakan kota kedua paling ramai di Sulawesi setelah Makassar. Memang banyak&nbsp;tempat wisata di Wakatobi Sulawesi Tenggara&nbsp;yang wajib di kunjungi.&nbsp;Meskipun begitu, Sulawesi Utara, tepatnya di Manado juga banyak tempat wisata yang tidak kalah indahnya. Dengan perekonomian di Manado tumbuh cepat, banyak tempat wisata yang bisa dilihat di Manado. Banyak tempat wisata yang terkenal di Manado, yang layak dikunjungi untuk berlibur bersama keluarga. Apa saja tempat wisata yang bisa kita temui di Manado?. Berikut adalah beberapa tempat wisata di manado :</p>\r\n\r\n<p><strong>1. Taman Laut Bunaken</strong></p>\r\n\r\n<p><a href=\"https://storage.googleapis.com/tempatwisataunik/2016/09/bunaken21.jpg\"><img alt=\"bunaken21\" src=\"https://storage.googleapis.com/tempatwisataunik/2016/09/bunaken21-300x191.jpg\" style=\"height:191px; width:300px\" /></a></p>\r\n\r\n<p>Ini adalah tempat wisata Manado yang tidak mungkin tidak dikenal oleh pencinta travel. Dengan&nbsp;pemandangan terindah di dunia yang paling menakjubkan, taman laut ini ditetapkan menjadi salah satu situs warisan dunia tahun 2005 oleh Unesco. Maka dari itu, tidak heran kalau banyak biota laut, aneka ragam terumbu karang, ikan yang berwarna warni dan cantik, membuat tempat ini menjadi seperti surga bagi pecinta kegiatan menyelam, snorkeling dan fotografi.</p>\r\n\r\n<p>Ada lebih dari 30 titik selam yang ada, dan tentu membuat kita betah berlama-lama menyelam. Jika tidak bisa berenang, tidak usah takut, karena kita bisa berwisata dengan kapal selam khusus dengan kaca transparan sebagai dinding supaya kita bisa melihat pemandangan bawah laut dengan jelas. Meskipun kita bisa datang kapanpun, tetapi yang paling baik adalah bulan Maret sampai Agustus. Air yang lebih jernih sehingga jarak pandang kita lebih jauh dan baik.</p>\r\n\r\n<p><strong>2. Gunung Tumpa</strong></p>\r\n\r\n<p><a href=\"https://storage.googleapis.com/tempatwisataunik/2016/09/Gunung-Tumpa-Manado.jpg\"><img alt=\"gunung-tumpa-manado\" src=\"https://storage.googleapis.com/tempatwisataunik/2016/09/Gunung-Tumpa-Manado-300x195.jpg\" style=\"height:195px; width:300px\" /></a></p>\r\n\r\n<p>Terletak di kelurahan Meras, kecamatan Bunaken dan bisa ditempuh sekitar satu jam dari pusat kota Manado dengan angkutan darat ini kita bisa melihat pemandangan berupa pepohonan yang hijau dan kebun kelapa. Pemandangan yang luar biasa indah akan memanjakan mata kita, dengan pemandangan alami yang menunggu untuk dijelajahi.</p>\r\n\r\n<p>Lokasi ini wajib dikunjungi bagi wisatawan yang suka dengan fotografi. Dengan sedikit menanjak ke tempat yang tepat, para fotografer dan juga pendaki serta pencinta alam bisa menikmati pemandangan yang indah dan juga menikmati alam yang segar, objek foto-foto yang menarik dan juga pepohonan yang rindang. Bagi para penggemar fotografi, bisa mendapatkan foto untuk matahari terbit dan juga matahari tenggelam.</p>\r\n\r\n<p><strong>3. Pulau Lembeh</strong></p>\r\n\r\n<p><a href=\"https://storage.googleapis.com/tempatwisataunik/2016/09/Pulau-Lembeh-Johanis-Noya-Manado.jpg\"><img alt=\"pulau-lembeh-johanis-noya-manado\" src=\"https://storage.googleapis.com/tempatwisataunik/2016/09/Pulau-Lembeh-Johanis-Noya-Manado-300x195.jpg\" style=\"height:195px; width:300px\" /></a></p>\r\n\r\n<p>Tempat ini tidak kalah indahnya dengan bunaken. Ada 88 spot menyelam yang indah menunggu kita, dan pasti untuk para penggemar snorkeling, diving dan fotografi, tempat ini wajib dikunjungi. Pulau kecil yang terletak di kota Bitung ini tidak terlalu jauh dari Manado. Untuk biaya masuk ke pulau Lembeh ini dibutuhkan uang sebesar 8.000 rupiah.</p>\r\n\r\n<p>Tetapi kita bisa berkeliling tempat wisata di sekitar Manado dengan menyewa perahu, meskipun membutuhkan biaya yang agak banyak berjumlah kurang lebih 300 ribu rupiah, tetapi kita bisa menyewa perahu untuk berkeliling antar pulau dan ke sekitar Manado. Untuk yang tidak terlalu suka kegiatan air seperti diving dan snorkeling, bisa juga berfoto-foto di sekitar pulau yang airnya jernih dan berpasir putih ini.</p>\r\n\r\n<p><strong>4. Pulau Siladen</strong></p>\r\n\r\n<p><a href=\"https://storage.googleapis.com/tempatwisataunik/2016/09/Pulau-Siladen-Manado.jpg\"><img alt=\"pulau-siladen-manado\" src=\"https://storage.googleapis.com/tempatwisataunik/2016/09/Pulau-Siladen-Manado-300x195.jpg\" style=\"height:195px; width:300px\" /></a></p>\r\n\r\n<p>Surga tersembunyi yang tidak boleh dilewatkan ini membutuhkan perjalanan menggunakan kapal motor dengan waktu tempuh 45 menit dari kota. Pulau Siladen terkenal dengan hamparan pasir pantai yang putih, air berwarna biru jernih, dan memiliki dua titik penyelaman yang paling menarik bernama Siladen 1 dan Siladen 2.</p>\r\n\r\n<p>Jangan lupa untuk menyimpan uang dengan&nbsp;cara berhemat saat liburan akan tiba, karena di pulau ini juga terdapat banyak fasilitas homestay, hotel, resort dan fasilitas akomodasi yang baik, jadi kita tidak usah terlalu khawatir untuk bolak balik kalau ingin menghabiskan banyak waktu di pulau ini. Bagi para wisatawan yang menginginkan ketenangan dan juga keindahan yang tidak kalah dari pantai lain, maka Pulau Siladen menjadi pilihannya.<strong>&nbsp;</strong></p>\r\n\r\n<p><strong>5. Pantai Ratatotok</strong></p>\r\n\r\n<p><a href=\"https://storage.googleapis.com/tempatwisataunik/2016/09/Ratotok-Manado.jpg\"><img alt=\"ratotok-manado\" src=\"https://storage.googleapis.com/tempatwisataunik/2016/09/Ratotok-Manado-300x195.jpg\" style=\"height:195px; width:300px\" /></a></p>\r\n\r\n<p>Berada di kecamatan Minahasa Tenggara dan bisa ditempuh 3 jam dari Manado, pantai ini merupakan milik penambangan emas Newmont. Meskipun begitu, tidak membuat pantai ini kotor dan tidak terawat. Pemandangan yang sangat bagus, pantai yang bersih, laut biru jernih, pasir putih yang nyaman membuat pengunjung betah karena udaranya bersih dan baik untuk kesehatan.</p>\r\n\r\n<p>Terdapat 24 titik diving dan snorkeling, terumbu karang dan berbagai jenis ikan dan koral yang merupakan hasil dari program konservasi laut PT. Newmont.<strong>&nbsp;</strong>Kedalaman lokasi diving dan snorkeling beragam, mulai dari 5-40 meter dengan jarak pandang 10-25 meter dan suhu air sekitar 26 sampai 32 derajat celcius.</p>\r\n\r\n<p><strong>6. Gunung Duasaudara</strong></p>\r\n\r\n<p><a href=\"https://storage.googleapis.com/tempatwisataunik/2016/09/Gunung-Duasudara-Manado.jpg\"><img alt=\"gunung-duasudara-manado\" src=\"https://storage.googleapis.com/tempatwisataunik/2016/09/Gunung-Duasudara-Manado-300x195.jpg\" style=\"height:195px; width:300px\" /></a></p>\r\n\r\n<p>Sesuai dengan namanya, gunung yang memiliki puncak kembar yang menawan ini berada sekitar 12 kilometer dari pusat kota Bitung. Gunung nonaktif yang berada di sekitar sebelah timur Gunung Klabat ini berhadapan langsung dengan Cagar Alam Tangkoko. Keindahan puncak Gunung Duasaudara terlihat jelas dari pesisir Lembeh, dan sangat mengesankan.</p>\r\n\r\n<p>Memang bukan termasuk ke dalam&nbsp;gunung terindah di Indonesia untuk didaki.&nbsp;Meskipun untuk mendaki gunung sekitar 1.351 meter di atas permukaan laut ini terhitung sulit, tetapi banyak wisatawan yang sudah sangat puas dengan berjalan-jalan di kaki gunung dan menikmati wisata kuliner serta pemandangan indah dan udara segar.</p>\r\n\r\n<p><strong>7. Bukit Kasih</strong></p>\r\n\r\n<p><a href=\"https://storage.googleapis.com/tempatwisataunik/2016/09/Pahatan-Tebing-Bukit-Kasih-Manado.jpg\"><img alt=\"pahatan-tebing-bukit-kasih-manado\" src=\"https://storage.googleapis.com/tempatwisataunik/2016/09/Pahatan-Tebing-Bukit-Kasih-Manado-300x195.jpg\" style=\"height:195px; width:300px\" /></a></p>\r\n\r\n<p>Tidak hanya&nbsp;tempat wisata di Qatar yang sangat eksotis&nbsp;saja yang pantas di kunjungi. Banyak tempat eksotis yang ada di dalam negeri. Salah satunya adalah Bukit Kasih.&nbsp;Tempat wisata unik yang menarik untuk dikunjungi ini bertempat di Desa Kanonang, sekitar 55 kilometer dari pusat kota Manado.</p>\r\n\r\n<p>Sesuai dengan nama bukit kasih, pengunjung dapat melihat lima rumah ibadah agama di Indonesia dalam satu tempat. Wisatawan disambut dengan monumen setinggi 22 meter yang disebut dengan Tugu Toleransi. Tugu berbentuk segi lima di setiap sisinya ini terdapat simbol masing-masing agama dengan kutipan dari kitab suci masing-masing agama. Di atas, ada lima rumah ibadah yang dihubungkan dengan jalan berliku, dan terdapat menara salib berwarna putih dengan tinggi sampai 50 meter.<strong>&nbsp;</strong></p>\r\n\r\n<p><strong>8. Waruga Sawangan</strong></p>\r\n\r\n<p><a href=\"https://storage.googleapis.com/tempatwisataunik/2016/09/waruga-sawangan.gif\"><img alt=\"waruga-sawangan\" src=\"https://storage.googleapis.com/tempatwisataunik/2016/09/waruga-sawangan-300x175.gif\" style=\"height:175px; width:300px\" /></a></p>\r\n\r\n<p>Salah satu situs peninggalan sejarah yang menjadi andalan destinasi utama wisata di Sulawesi Utara adalah Waruga Sawangan. Masyarakat Sulawesi Utara, khususnya suku Minahasa memiliki tradisi yang unik dalam pemakaman yakni dengan menguburkan orang yang telah meninggal ke dalam wadah bernama waruga.</p>\r\n\r\n<p>Waruga memang tersebar di berbagai tempat di Sulawesi Utara, tetapi di desa Sawangan ini, wisatawan bisa melihat Waruga dalam jumlah yang banyak. Waruga sendiri terdiri dari dua bagian, yaitu bagian badan dan kepala atau penutup. Seluruhnya terbuat dari batu utuh, dan bagian badan umumnya berbentuk persegi empat dengan ruang kosong di bagian tengah untuk meletakkan jenazah yang akan dimakamkan. Waruga Sawangan berlokasi di Desa Sawangan, sekitar 45 menit dari Kota Manado.</p>\r\n\r\n<p><strong>9. Manado Tua</strong></p>\r\n\r\n<p><a href=\"https://storage.googleapis.com/tempatwisataunik/2016/09/Pulau-Manado-Tua.jpg\"><img alt=\"pulau-manado-tua\" src=\"https://storage.googleapis.com/tempatwisataunik/2016/09/Pulau-Manado-Tua-300x195.jpg\" style=\"height:195px; width:300px\" /></a></p>\r\n\r\n<p>Pulau yang berjarak sekitar 16 kilometer dari kota Manado merupakan salah satu pulau yang juga wajib dikunjungi wisatawan yang suka menikmati keindahan alam. Berbeda tapi tak sama dengan&nbsp;pantai Derawan Kalimantan Timur, pantai di pulau Manado Tua bisa dicapai&nbsp;dengan menempuh perjalanan sekitar 60 menit dengan kapal motor.</p>\r\n\r\n<p>Pulau yang memiliki gunung berapi dan banyak pohon rindang ini memiliki panorama bawah laut yang spektakuler, tidak kalah dibandingkan dengan Bunaken dan Pulau Siladen. Pulau Manado Tua juga pernah menjadi salah satu lokasi pelaksanaan World Ocean Conference di tahun 2009 silam, membuat penduduk sekitar merawat dan menjaga kebersihan pulau ini.</p>\r\n\r\n<p><strong>10. Jembatan Soekarno</strong></p>\r\n\r\n<p><a href=\"https://storage.googleapis.com/tempatwisataunik/2016/09/jembatan-soekarno.jpg\"><img alt=\"jembatan-soekarno\" src=\"https://storage.googleapis.com/tempatwisataunik/2016/09/jembatan-soekarno-300x200.jpg\" style=\"height:200px; width:300px\" /></a>Terbilang masih baru, Jembatan Soekarno diresmikan pada bulan Mei 2015. Meskipun begitu, jembatan megah ini telrihat gagah ketika matahari terbenam. Wisatawan biasanya berfoto dengan latar belakang Menara Lilin yang berlokasi tidak jauh dari Jembatan Soekarno.</p>\r\n\r\n<p>Ketika langit berubah kemerahan dan matahari mulai terbenam, pemandangan yang disajikan di sekitar jembatan sangat menarik dan sayang kalau tidak difoto. Untuk pengunjung yang tidak membawa kamera, di sekitar jembatan banyak penyedia jasa foto yang bisa mencetak foto dan langsung dibawa pulang.</p>\r\n\r\n<p>Begitulah tempat-tempat wisata di Manado. Banyak tempat wisata di Indonesia yang tidak kalah menarik dan uniknya dari tempat wisata di luar negeri. Ingatlah untuk selalu menjaga kebersihan, kesopanan dan keindahan di manapun kita pergi agar alam yang indah itu tidak rusak oleh wisatawan.</p>\r\n','2019-07-17 07:28:57',1,'Tour & Travel',5,'ad9567d7919f51d11fb02555352afe06.jpg',2,'Ayub',0,'10-tempat-wisata-di-manado-yang-wajib-dikunjungi.html',9),(36,'7 Tempat Wisata Labuan Bajo Flores Banyak di Cari Orang','<p>Labuan Bajo merupakan ibu kota dari Kabupaten Manggarai Barat, Nusa Tenggaraa Timur. Labuan bajo terletak tepatnya di ujung barat Pulau Flores kunjungi juga&nbsp;tempat wisata di ende flores. Mayoritas warga labuan bajo mempunyai pekerjaan diatas air hal ini dapat terlihat banyak sekali kapal layar dan perahu yang ada di teluk. Pemandangan indah di ibu kota Manggarai Barat ini sangat menakjubkan, pondok-pondok kayu dengan atap berupa jerami dan berbagai pepohonan di lingkungan sekitar menjadi objek utama pemandangan di Labuan Bajo ini.</p>\r\n\r\n<p>Labuan Bajo merupakan tempat perkumpulan orang-orang yang akan berlibur ke Pulau komodo atau Pulau Rinca oleh karena ini Labuan Bajo sangat banyak dikunjungi. Jika kamu akan berlibur ke Labuan Bajo kamu dapat menyusuri berbagai pulau yang ada di sekitar Labuan Bajo mulai dari pulau seraya, pulau bidadari, pulau sabolo dan kanawa. Di bagian selatan labuan bajo terdapat rute menuju ke pulau rinca dimana pada saat senja datang terlihat banyak kelelawar bertebarangan. Saat ini Labuan Bajo sudah banyak dikunjungi oleh berbagai wisatawan lokal maupun wisatawan mancanegara sehingga berbagai fasilitaspun sudah mulai tersedia. Berikut ini rekomendasi 20 tempat wisata Labuan Bajo yang dapat dikunjungi saat berlibur diantaranya yaitu sebagai berikut.</p>\r\n\r\n<h2>1.&nbsp;Pulau Komodo</h2>\r\n\r\n<p><img alt=\"Pulau Komodo\" src=\"https://storage.googleapis.com/tempatwisataunik/2017/10/Pulau-Komodo-300x200.jpg\" style=\"height:200px; width:300px\" /></p>\r\n\r\n<p>Pulau Komodo merupakan pulau yang terletak di Kabupaten Manggarai Barat, Nusa Tenggara Timur. Sedangkan Labuan Bajo terletak berada di dalam Pulau Komodo. Pulau Komodo merupakan tempat hewan komodo hidup, jumlah kodo yang hidup pada saat ini mencapai 2500 ekor. Selain terdapat hewan komodo, yang menjadi daya tarik para wisatawan yaitu eksotisme keindahan alam disekitar pulau komodo. Pulau-pulau kecil yang ada disekitarnya sangat mempesona dengan air laut yang berwarna biru jernih dan masih bersih. Selain pulau komodo terdapat juga taman nasional komodo yang didirikan pada tahun 1980. taman tersebut dibuat dengan tujuan melindungi komodo dari kepunahan dan melindungi flora yang hidup di sekitar taman nasional komodo. UNESCO mengakui pulau komodo merupakan situs warisan dunia dan termasuk ke salah satu tujuh keajaiban dunia.</p>\r\n\r\n<p>Taman nasional komodo ini terdiri dari beberapa pulau diantaranya yaitu pulau komodo, pulau rinca, dan pulau-pulau kecil lainnya. Beberapa kegiatan menarik yang dapat dilakukan saat berlibur ke taman nasional komodo diantaranya yaitu melihat komodo secara langsung, bermain air di laut, diving, snorkeling. Selain itu kita juga dpaat mengelilingi pulau komodo dan mengunjungi pulau-pulau kecil lainnya. Dan satu hal yang jangan sampai dilewatkan yaitu menyelam di batu samsia jika ingin berenang bersama kura-kura dan hiu, lalu menyelam di crystal rock jika ingin melihat berbagai ikan seperti ikan barramundi, parrotfish dan berbagai ikan khas komodo dan yang terakhir menyelam di Manta Point titik menyelam ini merupakan titik terbaik untuk menyelam karena kita dapat melihat ikan pari manta dengan dekat. Untuk biaya masuk ke taman nasional komodo yaitu Rp.102.500/orang.</p>\r\n\r\n<h2>2. Gili Laba</h2>\r\n\r\n<p>&nbsp;</p>\r\n\r\n<p><img alt=\"Gili Laba\" src=\"https://storage.googleapis.com/tempatwisataunik/2017/10/Gili-Laba-300x200.jpg\" style=\"height:200px; width:300px\" /></p>\r\n\r\n<p>Gili Laba merupakan salah satu pulau kecil&nbsp; yang terletak di Taman Nasional Komodo, Manggarai Barat, Nusa Tenggara Timur. Jika kamu mengunjungi labuan bajo jangan lewatkan untuk mengunjungi Gili Laba. Karea keindahan alam sangat mempesona di Gili Laba ini, hamparan laut terlihat sangat cantik dari atas bukit. Pemandangan warna biru jernih air laut dengan pasir-pasir putih terlihat membentang dari Gili Laba ini. Dari puncak gili laba kamu dapat melihat pemandangan keseluruhan yang ada di pulau komodo. Saat musim penghujan warna-warna pepohonan di sekitar bukit berwarna hijau dan saat kemarau warna pepohonan berwarna kuning.</p>\r\n\r\n<p>Sepanjang perjalanan menuju bukit yang ada di Gili Laba akan dilewati berbagai tanjakan oleh karena itu siapkan segala persiapan ya karena cukup membutuhkan tenaga ekstra untuk mendaki hingga sampai ke puncak Gili Laba. Jalur pendakian untuk menuju puncak bisa diakses melalui jalur manapun karena tidak ada titik point khusus pendaki. Meskipun membutuhkan tenaga ekstra tapi ketika sampai ke puncak Gili Laba semua akan terbayar oleh pemandangan keindahan alam kepulauan komodo yang mempesona. Jika tidak ingin mendaki ke puncak kamu juga dapat bermain air, berjemur dan snorkeling. Rute perjalanan menuju gili laba jika dari pulau komodo dibutuhkan waktu sekitar 1 jam, namun jika kamu dari labuan bajo maka membutuhkan waktu cukup lama yaitu sekitar 4 jam.</p>\r\n\r\n<h2>3.&nbsp;Pulau Rinca</h2>\r\n\r\n<p><img alt=\"Pulau Rinca\" src=\"https://storage.googleapis.com/tempatwisataunik/2017/10/Pulau-Rinca-300x200.jpg\" style=\"height:200px; width:300px\" /></p>\r\n\r\n<p>Pulau Rinca merupakan salah satu gugusan pulau yang terletak di kepulauan komodo. Selain di pulau komodo rupanya komodo hidup di pulau rinca ini, meskipun luas pulau rinca tidak seluar pulau komodo akan tetapi komodo yang hidup di pulau rinca berkisar 1500 ekor. Pulau rinca memiliki jarak lebih dekat dari Labuan Bajo, di pulau ini titik tertinggi nya yaiytu gunung ora dengan ketinggian 670 mdpl. Selain komodo terdapat hewan lainnya yang hidup di pulau ini seperti kerbau, burung dan babi liar.</p>\r\n\r\n<p>Di pulau rinca para pengunjung ditawarkan untuk mengikuti kegiatan pelestarian lingkungan yaitu dengan program penanaman tanaman bakau, jika ingin mengikuti program tersebut maka dikenakan biaya Rp.150.000/orang. Dengan membayar Rp.150.000 pengunjung tersebut diberi bibit bakau yang dapat diberi label nama kita sendiri. Akses untuk menuju pulau ranca yaitu jika dari Labuan Bajo maka dapat menggunakan kapal dewaan. Perjalanan menuju pulau rinca membutuhkan waktu 2 jam dari Labuan Bajo dan kapal tersebut berlabuh di dermaga Loh Buaya. Harga tiket memasuki pulau rinca yaitu Rp.25.000/orang. Beberapa fasilitas yang telah tersedia di pulau rinca yaitu homestay yang berada di sekitar lokasi penjagaan, warung makan dan toilet.</p>\r\n\r\n<h2>4.&nbsp;Air Terjun Cunca Wulang</h2>\r\n\r\n<p><img alt=\"Air Terjun Cunca Wulang\" src=\"https://storage.googleapis.com/tempatwisataunik/2017/10/Air-Terjun-Cunca-Wulang-300x200.png\" style=\"height:200px; width:300px\" /></p>\r\n\r\n<p>Air Terjun Cunca Wulang terletak di kawasan hutan Mbeliling. Air terjun ini berada pada ketinggian 200 mdpl, air terjun ini terlihat mirip green canyon akan tetapi versi yang lebih sempit. Berbagai bebatuan yang mengapit di sepanjang sungai dapat dipanjat karena batu tersebut tidak mempunyai sisi yang tajam. Jika kamu punya hobi meloncat dari atas batu maka dapat melakukannya loncat di atas batu setinggi 6m di air terjun cunca wulang ini, akan tetapi harus konsultasi dulu ke guide ya karena terkadang debit air dapat berkurang jika mulai memasuki musim kemarau.</p>\r\n\r\n<p>Hal yang perlu diperhatikan yaitu bawalah makanan dan minuman karena di air terjun ini belum terdapat warung makan. Rute perjalanan menuju air terjun cunca wulang ini yaitu berjarak 30 KM dari pelabuhan Labuan Bajo atau sekitar 1 jam maka sampailah di Desa Wersawe yaitu pintu utama menuju air terjun cunca wulang, di desa wersawe ini kamu harus menulis nama di buku tamu serta menyewa guide. Untuk sampai ke air terjun ini kamu harus berjalan menyusuri hutan, bebatuan dan sema-semak dan membutuhkan waktu sekitar 1 jam dan cukup membutuhkan tenaga ekstra. Selain itu kamu juga dapat mencoba mengunjungi&nbsp;wisata air terjun di Lombok.</p>\r\n\r\n<h2>5. Pulau Kanawa</h2>\r\n\r\n<p><img alt=\"Pulau Kanawa\" src=\"https://storage.googleapis.com/tempatwisataunik/2017/10/Pulau-Kanawa-300x200.jpg\" style=\"height:200px; width:300px\" /></p>\r\n\r\n<p>Pulau Kanawa merupakan pulau yang terletak di Nusa Tenggara Timur dengan luas sekitar 35 hektar. Pulau ini mempunyai keindahan alam yang sangat cantik dan mempesona terutama pantai dan bawah laut. Keindahan alam tersebut terlihat dari air laut yang berwarna biru kehijauan dan juga pasir putih yang masih sangat bersih. Keindahan bawat laut di pulau ini tak kalah indah dengan taman bawah laut bunaken.</p>\r\n\r\n<p>Bahkan keindahannya dapat dilihat dari atas permukaan laut berbagai terumbu karang, ikan kecil berwarna warni, mola-mola dan penyu dapat terlihat jelas hal ini karena air laut yang masih sangat jernih. Keunikan dari pulau ini yaitu ketika sore menjelang air laut perlahan akan surut. Untuk pengunjung yang ingin melakukan diving di pulau kanawa tersedia diving center. Jika kamu ingin bermalam di pulau kanawa sudah terdapat sekitar 13 cottage, harga sewa cottage tersebut di bandrol mulai dari Rp.300.000/malam. Rute perjalanan menuju pulau kanawa yaitu sekitar 15 KM dari Labuan Bajo dan dapat diakses dengan speed boat. Untuk tarif speed boat tersebut yaitu Rp.60.000/orang atau dapat menyewa kapal seharga Rp.250.000.</p>\r\n\r\n<h2>6. Gua Rangko</h2>\r\n\r\n<p><img alt=\"Gua Rangko\" src=\"https://storage.googleapis.com/tempatwisataunik/2017/10/Gua-Rangko-300x200.png\" style=\"height:200px; width:300px\" /></p>\r\n\r\n<p>Gua Rangko merupakan gua yang terletak di Desa Rangko, Kabupaten Manggarai Barat, Nusa Tenggara Timur. Gua rangko merupakan sebuah gua dimana terdapat air laut berwarna biru jernih dengan dihiasi berbagai stalaktit yang membuat pemandangan sekitar gua sangat eksotis. Akan tetapi untuk sampai ke tempat ini cukup sulit karena lebih mudah di akses dengan menggunakan motor. Lokasi gua rangko masih beluma da di google maps hal ini karena gua rangku terletak di desa terpencil dengan jalanan yang masih rusak belum di aspal.</p>\r\n\r\n<p>Jalanan untuk menuju gua rangku sangat sulit melewati jalan bebatuan dan semak belukar dengan jalanan yang naik turun. Namun di perjalanan akhir menuju gua rangku keindahan alam sudah mulai terpancar dan jalan pun sudah teraspal. Biasanya tempat wisata Labuan Bajo sering kali pengunjung diberhentian oleh orang berkulit hitam, mereka merupakan warga asli Desa Rangko yang menawarkan untuk menjadi pemandu. Setelah sampai di desa rangko maka pengunjung harus menggunakan kapal nelayan dengan tarif sekitar Rp.300.000 hingga 350.000 dengan kapasitas maksimal 10 orang. Setibanya di gua penunjung dapat berenang bebas sambil menikmati keindahan alam yang ada disekitar gua tersebut.</p>\r\n\r\n<h2>7.&nbsp;Pulau Padar</h2>\r\n\r\n<p>&nbsp;</p>\r\n\r\n<p><img alt=\"Pulau Padar\" src=\"https://storage.googleapis.com/tempatwisataunik/2017/10/Pulau-Padar-300x200.jpg\" style=\"height:200px; width:300px\" /></p>\r\n\r\n<p>Pulau padar merupakan salah satu pulau yang terkenal setelah pulau komodo. Beda halnya dengan pulau komodo dan pulau rinca, di pulau padar ini kita tidak dapat menemukan binatang komodo. Untuk sampe menuju pulau padar maka dibutuhkan nahkoda dan pemandu yang berpengalaman. Di pulau padar hanya tumbuh rumput dan tidak terdapat pohon-pohon besar.</p>\r\n\r\n<p>Dari puncak pulau padar kita dapat melihat keindahan lautan di sekitar pulau padar dan pulau-pulau kecil lainnya. Jika kamu akan mengunjungi pulau padar maka disarankan untuk menggunakan sepatu karena jika ingin pergi ke puncak pulau padar tidak akan nyaman jika menggunakan sandal. Jangan lupa juga untuk mencoba&nbsp;wisata kuliner di Lombok.</p>\r\n\r\n<p>Itulah beberapa tempat yang dapat kamu kunjungi di Labuan Bajo dan sekitarnya.&nbsp;</p>\r\n','2019-07-17 07:36:55',1,'Tour & Travel',5,'0b9beb68776e48fcb0d774b34ec36474.png',2,'Ayub',0,'7-tempat-wisata-labuan-bajo-flores-banyak-di-cari-orang.html',3),(37,'10 Destinasi Wisata Di Raja Ampat Yang Wajib Kamu Coba','<p>Bagi para diver dan penggemar aktivitas snorkeling, Raja Ampat adalah surga. Keindahan alam bawah lautnya luar biasa bahkan seluruh dunia mengakui hal itu. Tidak salah jika banyak orang ingin menjadi saksi langsung keindahan tersebut meski akses transportasi untuk bisa menikmati destinasi wisata di Raja Ampat masih sangat terbatas, dan harganya cukup menguras kantong.</p>\r\n\r\n<p>Namun, jika kamu termasuk salah satu&nbsp;<em>traveller</em>&nbsp;yang membulatkan tekad, mengencangkan ikat pinggang dan siap menghabiskan tabungan untuk bisa menikmati pesona Raja Ampat, maka kamu harus tahu bahwa bukan alam bawah airnya saja yang istimewa. Tidak sedikit wisata menarik di permukaan yang wajib kamu kunjungi.</p>\r\n\r\n<p>Tertarik melihat dan menjelajahi destinasi wisata di Raja Ampat yang memesona itu, simak tempat-tempat yang harus kamu kunjungi di salah satu kota di Papua Barat ini, ya!</p>\r\n\r\n<h3><strong>1. Menjelajahi keindahan&nbsp;</strong><strong>&ndash;&nbsp;</strong><strong>Misool</strong></h3>\r\n\r\n<p><img alt=\"\" src=\"https://sgp1.digitaloceanspaces.com/tz-mag-id/wp-content/uploads/2018/03/010103031111/1-1-Misool-By-dicky_k45.jpg\" style=\"height:503px; width:672px\" /></p>\r\n\r\n<p>Image credit:&nbsp;<a href=\"https://www.instagram.com/p/BS4PLnSFH7q/\" target=\"_blank\">@dicky_k45</a></p>\r\n\r\n<p>Ke Misool, berarti kamu sudah menyentuh Raja Ampat. Ya, dari sini perjalanan dan petualangan Indonesia Timur kamu bisa dimulai.</p>\r\n\r\n<p><img alt=\"\" src=\"https://sgp1.digitaloceanspaces.com/tz-mag-id/wp-content/uploads/2018/03/010103031414/1-2-Misool-By-reizhardfernando.o.jpg\" style=\"height:592px; width:672px\" /></p>\r\n\r\n<p>Image credit:&nbsp;<a href=\"https://www.instagram.com/p/BSx2HhXljq3/\" target=\"_blank\">@reizhardfernando.o</a></p>\r\n\r\n<p>Selami setiap relung perairan di salah satu dari empat pulau besar di Raja Ampat ini dan kamu akan mendapati pemandangan, yang tidak hanya luar biasa, tapi juga istimewa.</p>\r\n\r\n<p><img alt=\"\" src=\"https://sgp1.digitaloceanspaces.com/tz-mag-id/wp-content/uploads/2018/03/010103031717/1-3-Misool-By-marisckaprue.jpg\" style=\"height:828px; width:672px\" /></p>\r\n\r\n<p>Image credit:&nbsp;<a href=\"https://www.instagram.com/p/BRpl78PB0el/\" target=\"_blank\">@marischkaprue</a></p>\r\n\r\n<p>Sulit menggambarkan salah satu destinasi wisata di Raja Ampat yang paling hits ini secara pasti, jadi sebaiknya kamu menuju langsung ke lokasi!</p>\r\n\r\n<h3><strong>2. Laguna indah di tempat yang luar biasa &ndash; Star Lagoon</strong></h3>\r\n\r\n<p><img alt=\"\" src=\"https://sgp1.digitaloceanspaces.com/tz-mag-id/wp-content/uploads/2018/03/010103032323/2-1-StarLagoon-By-evandertambuwun.jpg\" style=\"height:448px; width:672px\" /></p>\r\n\r\n<p>Image credit:&nbsp;<a href=\"https://www.instagram.com/p/BS4ObeJFe9U/\" target=\"_blank\">@evandertambuwun</a></p>\r\n\r\n<p>Ya, ada laguna berbentuk bintang di Raja Ampat, tepatnya di pulau Pianemo. Pemandangan dari bukit karangnya saja sudah menggambarkan betapa indahnya tempat ini.</p>\r\n\r\n<p><img alt=\"\" src=\"https://sgp1.digitaloceanspaces.com/tz-mag-id/wp-content/uploads/2018/03/010103032727/2-2-StarLagoon-By-astrid.caesaria.jpg\" style=\"height:503px; width:672px\" /></p>\r\n\r\n<p>Image credit:&nbsp;<a href=\"https://www.instagram.com/p/BOOhJk5gFJ_/\" target=\"_blank\">@astrid.caesaria</a></p>\r\n\r\n<p>Namun untuk lebih memperjelas seperti apa panorama bawah laut di Star Lagoon, mengapa tidak langsung menyelaminya. Dijamin tidak akan kecewa!</p>\r\n\r\n<h3><strong>3. Monumen alami yang ikonik&nbsp;</strong><strong>&ndash;&nbsp;</strong><strong>Batu Pensil</strong></h3>\r\n\r\n<p><img alt=\"\" src=\"https://sgp1.digitaloceanspaces.com/tz-mag-id/wp-content/uploads/2018/03/010103033434/3-1-BatuPensil-By-ivanalee87.jpg\" style=\"height:840px; width:672px\" /></p>\r\n\r\n<p>Image credit:&nbsp;<a href=\"https://www.instagram.com/p/BgiKSRWlMYI/\" target=\"_blank\">@ivanalee87</a></p>\r\n\r\n<p>Karang yang menjulang, dan sendirian di tengah Teluk Kabui ini menjadi ikon tersendiri.</p>\r\n\r\n<p><img alt=\"\" src=\"https://sgp1.digitaloceanspaces.com/tz-mag-id/wp-content/uploads/2018/03/010103034040/3-2-BatuPensil-By-fifi_yurike.jpg\" style=\"height:840px; width:672px\" /></p>\r\n\r\n<p>Image credit:&nbsp;<a href=\"https://www.instagram.com/p/BWOk_rrAbOp/?taken-at=295165960821832\" target=\"_blank\">@fifi_yurike</a></p>\r\n\r\n<p>Saking terkenalnya, Batu Pensil selalu menjadi jujukan untuk berfoto. Kamu tidak boleh melewatkan spot ini bila liburan ke Raja Ampat, ya!</p>\r\n\r\n<p><img alt=\"\" src=\"https://sgp1.digitaloceanspaces.com/tz-mag-id/wp-content/uploads/2018/03/010103034545/3-3-BatuPensil-By-asttrid.caesaria.jpg\" style=\"height:672px; width:672px\" /></p>\r\n\r\n<p>Image credit:&nbsp;<a href=\"https://www.instagram.com/p/Bfp3WUDgtBA/?tagged=batupensil\" target=\"_blank\">@astrid.caesaria</a></p>\r\n\r\n<h3><strong>4. Ikon Raja Ampat&nbsp;&nbsp;</strong><strong>&ndash;&nbsp;</strong><strong>Wayag</strong></h3>\r\n\r\n<p><img alt=\"\" src=\"https://sgp1.digitaloceanspaces.com/tz-mag-id/wp-content/uploads/2018/03/010103030202/4-3-Wayag-By-tiarauliana.jpg\" style=\"height:503px; width:672px\" /></p>\r\n\r\n<p>Image credit:&nbsp;<a href=\"https://www.instagram.com/p/BT8iqJhFibd/?taken-at=767996010\" target=\"_blank\">@tiarauliana</a></p>\r\n\r\n<p>Wayag juga termasuk salah satu ikonnya Raja Ampat. Jejeran batu karang berbalut warna hijau di tengah lautan biru yang menyajikan panorama luar biasa indah membuat Raja Ampat begitu mendunia.</p>\r\n\r\n<p><img alt=\"\" src=\"https://sgp1.digitaloceanspaces.com/tz-mag-id/wp-content/uploads/2018/03/010103035151/4-1-Wayag-By-tarra_lautner.jpg\" style=\"height:672px; width:672px\" /></p>\r\n\r\n<p>Image credit:&nbsp;<a href=\"https://www.instagram.com/p/BS4Hq03lnMZ/\" target=\"_blank\">@tarra_lautner</a></p>\r\n\r\n<p>Tidak sulit untuk bisa mendapatkan momen yang mengesankan di Wayag. Berpose dengan latar belakang pemandangan yang aduhai pun sudah menjadi keharusan tersendiri.</p>\r\n\r\n<h3><strong>5. Desa wisata dan spot diving yang asyik&nbsp;</strong><strong>&ndash;&nbsp;</strong><strong>Desa Arborek</strong></h3>\r\n\r\n<p><img alt=\"\" src=\"https://sgp1.digitaloceanspaces.com/tz-mag-id/wp-content/uploads/2018/03/010103030707/5-1-Arborek-By-dudisugandi.jpg\" style=\"height:420px; width:672px\" /></p>\r\n\r\n<p>Image credit:&nbsp;<a href=\"https://www.instagram.com/p/BfZwB1bAhhu/\" target=\"_blank\">@dudisugandi</a></p>\r\n\r\n<p>Jika kamu ingin bertemu dengan warga lokal, sekaligus menikmati panorama yang indah, Pulau Arborek adalah yang harus kamu kunjungi. Hampir semua warganya memiliki keramahan dan senyuman yang lebar, siap menyambut dengan tangan terbuka siapa pun yang datang ke kampung mereka.</p>\r\n\r\n<p><img alt=\"\" src=\"https://sgp1.digitaloceanspaces.com/tz-mag-id/wp-content/uploads/2018/03/010103031313/5-2-Arborek-By-neyu_ma.jpg\" style=\"height:784px; width:672px\" /></p>\r\n\r\n<p>Image credit:&nbsp;<a href=\"https://www.instagram.com/p/BgOUdwJgHDA/?taken-at=1434159833547007\" target=\"_blank\">@neyu_ma</a></p>\r\n\r\n<p>Satu peringatan untuk kamu yang ingin berkunjung ke kampung Arborek, jangan sampai tercuri hati karena ketulusan yang ditunjukkan warganya.&nbsp;<em>So sweet</em>&nbsp;banget!</p>\r\n\r\n<h3><strong>6. Pulau yang hanya berpasir putih&nbsp;</strong><strong>&ndash;&nbsp;</strong><strong>Pasir Timbul</strong></h3>\r\n\r\n<p><img alt=\"\" src=\"https://sgp1.digitaloceanspaces.com/tz-mag-id/wp-content/uploads/2018/03/010103031616/6-1-PasirTimbul-By-lutfi_ady.jpg\" style=\"height:670px; width:672px\" /></p>\r\n\r\n<p>Image credit:&nbsp;<a href=\"https://www.instagram.com/p/BRpoMZLhu-q/?taken-at=612356588\" target=\"_blank\">@lutfi_ady</a></p>\r\n\r\n<p>Alam Raja Ampat yang sudah luar biasa masih ditambahi dengan keajaiban yang istimewa, pasir timbul. Lokasi ini akhirnya menjelma menjadi sebuah pulau pasir, yang lokasinya berada dekat dengan Pulau Mansuar.</p>\r\n\r\n<p><img alt=\"\" src=\"https://sgp1.digitaloceanspaces.com/tz-mag-id/wp-content/uploads/2018/03/010103031919/6-2-PasirTimbul-By-hello.kitty_.09.jpg\" style=\"height:672px; width:672px\" /></p>\r\n\r\n<p>Image credit:&nbsp;<a href=\"https://www.instagram.com/p/BekyShsnatv/?taken-by=hello_kitty.09\" target=\"_blank\">@hello_kitty.09</a></p>\r\n\r\n<p>Seperti layaknya pulau pasir lainnya, pulau di salah satu destinasi wisata di Raja Ampat paling hits ini akan menunjukkan pasir putihnya jika air laut sedang surut.</p>\r\n\r\n<p><img alt=\"\" src=\"https://sgp1.digitaloceanspaces.com/tz-mag-id/wp-content/uploads/2018/03/010103032222/6-3-PasirTimbul-By-iraatulus.jpg\" style=\"height:504px; width:672px\" /></p>\r\n\r\n<p>Image credit:&nbsp;<a href=\"https://www.instagram.com/p/Bf3IzRvhimr/?tagged=pasirtimbulrajaampat\" target=\"_blank\">@iraatulus</a></p>\r\n\r\n<p>Inilah momen yang pas buat kamu berselfie dan menjejakkan kaki sebelum pulau hilang disapu air laut saat pasang.</p>\r\n\r\n<h3><strong>7. Kearifan lokal dan tulusnya keceriaan&nbsp;</strong><strong>&ndash;&nbsp;</strong><strong>Desa Wisata Sauwandarek</strong></h3>\r\n\r\n<p><img alt=\"\" src=\"https://sgp1.digitaloceanspaces.com/tz-mag-id/wp-content/uploads/2018/03/010103032828/7-1-Sauwandarek-By-nugrahafajar11.jpg\" style=\"height:672px; width:672px\" /></p>\r\n\r\n<p>Image credit:&nbsp;<a href=\"https://www.instagram.com/p/BffGjullopb/\" target=\"_blank\">@nugrahafajar11</a></p>\r\n\r\n<p>Satu lagi desa wisata Raja Ampat yang boleh kamu kunjungi &ndash;&nbsp;Desa Sauwandarek. Kearifan lokal yang ditunjukkan warganya membuat kamu mungkin malas pulang.</p>\r\n\r\n<p><img alt=\"\" src=\"https://sgp1.digitaloceanspaces.com/tz-mag-id/wp-content/uploads/2018/03/010103033636/7-2-Sauwandarek-By-dustinriyadi.jpg\" style=\"height:447px; width:672px\" /></p>\r\n\r\n<p>Image credit:&nbsp;<a href=\"https://www.instagram.com/p/Bff59rYjVNs/\" target=\"_blank\">@dustinriyadi</a></p>\r\n\r\n<p>Selain itu, di sekitar kampung Sauwandarek, juga terdapat beragam spot asyik untuk menikmati terumbu karang khas Raja Ampat. Bahkan di dermaganya pun, pemandangan bawah lautnya sudah sangat istimewa.</p>\r\n\r\n<p><img alt=\"\" src=\"https://sgp1.digitaloceanspaces.com/tz-mag-id/wp-content/uploads/2018/03/010103034848/7-3-Sauwandarek-By-martinsupriatna.jpg\" style=\"height:653px; width:672px\" /></p>\r\n\r\n<p>Image credit:&nbsp;<a href=\"https://www.instagram.com/p/BK0Z_YngJhb/\" target=\"_blank\">@martinsupriatna</a></p>\r\n\r\n<h3><strong>8. Melihat langsung Cenderawasih&nbsp;</strong><strong>&ndash;&nbsp;</strong><strong>Desa Sawinggrai</strong></h3>\r\n\r\n<p><img alt=\"\" src=\"https://sgp1.digitaloceanspaces.com/tz-mag-id/wp-content/uploads/2018/03/010103035353/8-1-Sawinggrai-By-ilhamarch.jpg\" style=\"height:504px; width:672px\" /></p>\r\n\r\n<p>Image credit:&nbsp;<a href=\"https://www.instagram.com/p/BSn-WpRAjgd/\" target=\"_blank\">@ilhamarch</a></p>\r\n\r\n<p>Nah, bagi kamu yang ingin melihat hewan asli Papua, burung Cenderawasih, di habitat aslinya, langsung saja menuju ke desa Sawinggrai. Namun kamu harus rela bangun awal dan menyiapkan celana panjang serta sepatu serta tidak berisik untuk bisa mendapatkan keberuntungan menyaksikan burung Cenderawasih ini.</p>\r\n\r\n<p><img alt=\"\" src=\"https://sgp1.digitaloceanspaces.com/tz-mag-id/wp-content/uploads/2018/03/020203032121/8-4-Sawinggrai.jpg\" style=\"height:378px; width:672px\" /></p>\r\n\r\n<p>Image credit:&nbsp;<a href=\"https://www.instagram.com/p/BdTrr8clTSv/\" target=\"_blank\">@kapanlagitrip</a></p>\r\n\r\n<p>Jika pun kamu tidak berhasil melihat burung ini, jangan kecewa karena banyak hal asyik bisa kamu temukan di Sawinggrai. Bukan hanya panorama alamnya, tapi juga keramahan warganya.</p>\r\n\r\n<h3><strong>9. Spot asyik menikmati panorama Raja Ampat&nbsp;</strong><strong>&ndash;&nbsp;</strong><strong>Pianemo</strong></h3>\r\n\r\n<p><img alt=\"\" src=\"https://sgp1.digitaloceanspaces.com/tz-mag-id/wp-content/uploads/2018/03/010103030505/9-1-Pianemo-By-the_sigit.jpg\" style=\"height:839px; width:672px\" /></p>\r\n\r\n<p>Image credit:&nbsp;<a href=\"https://www.instagram.com/p/BGJeVfzQCBy/?taken-by=the_sigit\" target=\"_blank\">@the_sigit</a></p>\r\n\r\n<p>Ingin sekadar menikmati pemandangan alam Raja Ampat dari ketinggian, Pianemo adalah spot yang pas untuk itu. Gugusan batu karang dan birunya laut bisa dilihat dari ketinggian.</p>\r\n\r\n<p><img alt=\"\" src=\"https://sgp1.digitaloceanspaces.com/tz-mag-id/wp-content/uploads/2018/03/010103031010/9-2-Pianemo-By-elisabeth.mita_.jpg\" style=\"height:502px; width:672px\" /></p>\r\n\r\n<p>Image credit:&nbsp;<a href=\"https://www.instagram.com/p/BbmL8G0gvp2/\" target=\"_blank\">@elisabeth.mita</a></p>\r\n\r\n<p>Karena potensi yang ditawarkan, tidak sedikit juga yang menyebut Pianemo sebagai Wayag mini.</p>\r\n\r\n<h3><strong>10. Penyejuk yang menyegarkan&nbsp;</strong><strong>&ndash;&nbsp;</strong><strong>Air Terjun Batanta</strong></h3>\r\n\r\n<p><img alt=\"\" src=\"https://sgp1.digitaloceanspaces.com/tz-mag-id/wp-content/uploads/2018/03/010103031515/10-1-Batanta-By-barrykusuma.jpg\" style=\"height:840px; width:672px\" /></p>\r\n\r\n<p>Image credit:&nbsp;<a href=\"https://www.instagram.com/p/BY9kTCTHHwb/\" target=\"_blank\">@barrykusuma</a></p>\r\n\r\n<p>Air Terjun Batanta menjadi kejutan lain di Raja Ampat. Air terjun ini juga menjadi bukti bahwa keindahan alam di Raja Ampat tidak hanya didapat di sisi laut saja.</p>\r\n\r\n<p><img alt=\"\" src=\"https://sgp1.digitaloceanspaces.com/tz-mag-id/wp-content/uploads/2018/03/010103031919/10-2-Batanta-By-barrykusuma.jpg\" style=\"height:840px; width:672px\" /></p>\r\n\r\n<p>Image credit:&nbsp;<a href=\"https://www.instagram.com/p/BYxDqsYHG2a/\" target=\"_blank\">@barrykusuma</a></p>\r\n\r\n<p>Tidak hanya menyuguhkan pemandangan air terjun yang aduhai, nuansa dan segarnya air juga istimewa. Air terjun Batanta juga bisa menjadi penyejuk setelah kamu seharian berendam di air asin.</p>\r\n','2019-07-17 07:41:23',1,'Tour & Travel',5,'e6aa9c80cdcdefbd26f7ad91456d1dcc.jpg',2,'Ayub',0,'10-destinasi-wisata-di-raja-ampat-yang-wajib-kamu-coba.html',3);
/*!40000 ALTER TABLE `tbl_tulisan` ENABLE KEYS */;
UNLOCK TABLES;
/*!40103 SET TIME_ZONE=@OLD_TIME_ZONE */;

/*!40101 SET SQL_MODE=@OLD_SQL_MODE */;
/*!40014 SET FOREIGN_KEY_CHECKS=@OLD_FOREIGN_KEY_CHECKS */;
/*!40014 SET UNIQUE_CHECKS=@OLD_UNIQUE_CHECKS */;
/*!40101 SET CHARACTER_SET_CLIENT=@OLD_CHARACTER_SET_CLIENT */;
/*!40101 SET CHARACTER_SET_RESULTS=@OLD_CHARACTER_SET_RESULTS */;
/*!40101 SET COLLATION_CONNECTION=@OLD_COLLATION_CONNECTION */;
/*!40111 SET SQL_NOTES=@OLD_SQL_NOTES */;

-- Dump completed on 2019-08-02 15:08:16
